Local File Name,R2 URL
"Surreal,science fiction,打工人,Worker,technology,tech,diagrams,renderings,colors_20240830_00001_.png","https://img.ggggoods.com/2024/08/Surreal,science fiction,打工人,Worker,technology,tech,diagrams,renderings,colors_20240830_00001_.png"
"Surreal,science fiction,超级个体,super individual,technology,tech,diagrams,renderings,colors_20240830_00001_.png","https://img.ggggoods.com/2024/08/Surreal,science fiction,超级个体,super individual,technology,tech,diagrams,renderings,colors_20240830_00001_.png"
"Surreal,science fiction,知识库,knowledge base,technology,tech,diagrams,renderings,colors_20240830_00001_.png","https://img.ggggoods.com/2024/08/Surreal,science fiction,知识库,knowledge base,technology,tech,diagrams,renderings,colors_20240830_00001_.png"
"Surreal,science fiction,数字游民,digital nomad,technology,tech,diagrams,renderings,colors_20240830_00001_.png","https://img.ggggoods.com/2024/08/Surreal,science fiction,数字游民,digital nomad,technology,tech,diagrams,renderings,colors_20240830_00001_.png"
"Surreal,science fiction,计算机毕业设计,Computer Graduation Project,technology,tech,diagrams,renderings,colors_20240830_00001_.png","https://img.ggggoods.com/2024/08/Surreal,science fiction,计算机毕业设计,Computer Graduation Project,technology,tech,diagrams,renderings,colors_20240830_00001_.png"
"Surreal,science fiction,儿童教育,children education,technology,tech,diagrams,renderings,colors_20240830_00001_.png","https://img.ggggoods.com/2024/08/Surreal,science fiction,儿童教育,children education,technology,tech,diagrams,renderings,colors_20240830_00001_.png"
"Surreal,science fiction,简历,CV,technology,tech,diagrams,renderings,colors_20240830_00001_.png","https://img.ggggoods.com/2024/08/Surreal,science fiction,简历,CV,technology,tech,diagrams,renderings,colors_20240830_00001_.png"
"Surreal,science fiction,旅游,travel,technology,tech,diagrams,renderings,colors_20240830_00001_.png","https://img.ggggoods.com/2024/08/Surreal,science fiction,旅游,travel,technology,tech,diagrams,renderings,colors_20240830_00001_.png"
"Surreal,science fiction,HR,HR,technology,tech,diagrams,renderings,colors_20240830_00001_.png","https://img.ggggoods.com/2024/08/Surreal,science fiction,HR,HR,technology,tech,diagrams,renderings,colors_20240830_00001_.png"
"Surreal,science fiction,闪卡,flashcards,technology,tech,diagrams,renderings,colors_20240830_00001_.png","https://img.ggggoods.com/2024/08/Surreal,science fiction,闪卡,flashcards,technology,tech,diagrams,renderings,colors_20240830_00001_.png"
"Surreal,science fiction,效率,efficiency,technology,tech,diagrams,renderings,colors_20240830_00001_.png","https://img.ggggoods.com/2024/08/Surreal,science fiction,效率,efficiency,technology,tech,diagrams,renderings,colors_20240830_00001_.png"
"Surreal,science fiction,RMIT,RMIT,technology,tech,diagrams,renderings,colors_20240830_00001_.png","https://img.ggggoods.com/2024/08/Surreal,science fiction,RMIT,RMIT,technology,tech,diagrams,renderings,colors_20240830_00001_.png"
"Surreal,science fiction,平板,flat,technology,tech,diagrams,renderings,colors_20240830_00001_.png","https://img.ggggoods.com/2024/08/Surreal,science fiction,平板,flat,technology,tech,diagrams,renderings,colors_20240830_00001_.png"
"Surreal,science fiction,游戏,game,technology,tech,diagrams,renderings,colors_20240830_00001_.png","https://img.ggggoods.com/2024/08/Surreal,science fiction,游戏,game,technology,tech,diagrams,renderings,colors_20240830_00001_.png"
"Surreal,science fiction,文案,copywriting,technology,tech,diagrams,renderings,colors_20240830_00001_.png","https://img.ggggoods.com/2024/08/Surreal,science fiction,文案,copywriting,technology,tech,diagrams,renderings,colors_20240830_00001_.png"
"Surreal,science fiction,外侧,outside,technology,tech,diagrams,renderings,colors_20240830_00001_.png","https://img.ggggoods.com/2024/08/Surreal,science fiction,外侧,outside,technology,tech,diagrams,renderings,colors_20240830_00001_.png"
"Surreal,science fiction,小学生,primary school student,technology,tech,diagrams,renderings,colors_20240830_00001_.png","https://img.ggggoods.com/2024/08/Surreal,science fiction,小学生,primary school student,technology,tech,diagrams,renderings,colors_20240830_00001_.png"
"Surreal,science fiction,连锁,chain,technology,tech,diagrams,renderings,colors_20240830_00001_.png","https://img.ggggoods.com/2024/08/Surreal,science fiction,连锁,chain,technology,tech,diagrams,renderings,colors_20240830_00001_.png"
"Surreal,science fiction,私域,private domain,technology,tech,diagrams,renderings,colors_20240830_00001_.png","https://img.ggggoods.com/2024/08/Surreal,science fiction,私域,private domain,technology,tech,diagrams,renderings,colors_20240830_00001_.png"
"Surreal,science fiction,数据分析,data analysis,technology,tech,diagrams,renderings,colors_20240830_00001_.png","https://img.ggggoods.com/2024/08/Surreal,science fiction,数据分析,data analysis,technology,tech,diagrams,renderings,colors_20240830_00001_.png"
"Surreal,science fiction,毕业设计,graduation project,technology,tech,diagrams,renderings,colors_20240830_00001_.png","https://img.ggggoods.com/2024/08/Surreal,science fiction,毕业设计,graduation project,technology,tech,diagrams,renderings,colors_20240830_00001_.png"
"Surreal,science fiction,家庭清洁,home cleaning,technology,tech,diagrams,renderings,colors_20240830_00001_.png","https://img.ggggoods.com/2024/08/Surreal,science fiction,家庭清洁,home cleaning,technology,tech,diagrams,renderings,colors_20240830_00001_.png"
"Surreal,science fiction,记忆力,memory,technology,tech,diagrams,renderings,colors_20240830_00001_.png","https://img.ggggoods.com/2024/08/Surreal,science fiction,记忆力,memory,technology,tech,diagrams,renderings,colors_20240830_00001_.png"
"Surreal,science fiction,SOP,SOP,technology,tech,diagrams,renderings,colors_20240830_00001_.png","https://img.ggggoods.com/2024/08/Surreal,science fiction,SOP,SOP,technology,tech,diagrams,renderings,colors_20240830_00001_.png"
"Surreal,science fiction,游船,cruise ship,technology,tech,diagrams,renderings,colors_20240830_00001_.png","https://img.ggggoods.com/2024/08/Surreal,science fiction,游船,cruise ship,technology,tech,diagrams,renderings,colors_20240830_00001_.png"
"Surreal,science fiction,沙坡头,Shapotou,technology,tech,diagrams,renderings,colors_20240830_00001_.png","https://img.ggggoods.com/2024/08/Surreal,science fiction,沙坡头,Shapotou,technology,tech,diagrams,renderings,colors_20240830_00001_.png"
"Surreal,science fiction,内衣,underwear,technology,tech,diagrams,renderings,colors_20240830_00001_.png","https://img.ggggoods.com/2024/08/Surreal,science fiction,内衣,underwear,technology,tech,diagrams,renderings,colors_20240830_00001_.png"
"Surreal,science fiction,生日礼物,birthday gift,technology,tech,diagrams,renderings,colors_20240830_00001_.png","https://img.ggggoods.com/2024/08/Surreal,science fiction,生日礼物,birthday gift,technology,tech,diagrams,renderings,colors_20240830_00001_.png"
"Surreal,science fiction,思维导图,mind map,technology,tech,diagrams,renderings,colors_20240830_00001_.png","https://img.ggggoods.com/2024/08/Surreal,science fiction,思维导图,mind map,technology,tech,diagrams,renderings,colors_20240830_00001_.png"
"Surreal,science fiction,数据,data,technology,tech,diagrams,renderings,colors_20240830_00001_.png","https://img.ggggoods.com/2024/08/Surreal,science fiction,数据,data,technology,tech,diagrams,renderings,colors_20240830_00001_.png"
"Surreal,science fiction,精致,Exquisite,technology,tech,diagrams,renderings,colors_20240830_00001_.png","https://img.ggggoods.com/2024/08/Surreal,science fiction,精致,Exquisite,technology,tech,diagrams,renderings,colors_20240830_00001_.png"
"Surreal,science fiction,闲鱼,Xianyu,technology,tech,diagrams,renderings,colors_20240830_00001_.png","https://img.ggggoods.com/2024/08/Surreal,science fiction,闲鱼,Xianyu,technology,tech,diagrams,renderings,colors_20240830_00001_.png"
"Surreal,science fiction,鱼竿,fishing rod,technology,tech,diagrams,renderings,colors_20240830_00001_.png","https://img.ggggoods.com/2024/08/Surreal,science fiction,鱼竿,fishing rod,technology,tech,diagrams,renderings,colors_20240830_00001_.png"
"Surreal,science fiction,银基,silver base,technology,tech,diagrams,renderings,colors_20240830_00001_.png","https://img.ggggoods.com/2024/08/Surreal,science fiction,银基,silver base,technology,tech,diagrams,renderings,colors_20240830_00001_.png"
"Surreal,science fiction,护肤品,Skin care products,technology,tech,diagrams,renderings,colors_20240830_00001_.png","https://img.ggggoods.com/2024/08/Surreal,science fiction,护肤品,Skin care products,technology,tech,diagrams,renderings,colors_20240830_00001_.png"
"Surreal,science fiction,notion,notion,technology,tech,diagrams,renderings,colors_20240830_00001_.png","https://img.ggggoods.com/2024/08/Surreal,science fiction,notion,notion,technology,tech,diagrams,renderings,colors_20240830_00001_.png"
"Surreal,science fiction,英国移民,British Immigration,technology,tech,diagrams,renderings,colors_20240830_00001_.png","https://img.ggggoods.com/2024/08/Surreal,science fiction,英国移民,British Immigration,technology,tech,diagrams,renderings,colors_20240830_00001_.png"
"Surreal,science fiction,精华,Essence,technology,tech,diagrams,renderings,colors_20240830_00001_.png","https://img.ggggoods.com/2024/08/Surreal,science fiction,精华,Essence,technology,tech,diagrams,renderings,colors_20240830_00001_.png"
"Surreal,science fiction,四川旅游,Sichuan travel,technology,tech,diagrams,renderings,colors_20240830_00001_.png","https://img.ggggoods.com/2024/08/Surreal,science fiction,四川旅游,Sichuan travel,technology,tech,diagrams,renderings,colors_20240830_00001_.png"
"Surreal,science fiction,教培,Education and training,technology,tech,diagrams,renderings,colors_20240830_00001_.png","https://img.ggggoods.com/2024/08/Surreal,science fiction,教培,Education and training,technology,tech,diagrams,renderings,colors_20240830_00001_.png"
"Surreal,science fiction,自拍杆,selfie stick,technology,tech,diagrams,renderings,colors_20240830_00001_.png","https://img.ggggoods.com/2024/08/Surreal,science fiction,自拍杆,selfie stick,technology,tech,diagrams,renderings,colors_20240830_00001_.png"
"Surreal,science fiction,灵隐寺,Lingyin Temple,technology,tech,diagrams,renderings,colors_20240830_00001_.png","https://img.ggggoods.com/2024/08/Surreal,science fiction,灵隐寺,Lingyin Temple,technology,tech,diagrams,renderings,colors_20240830_00001_.png"
"Surreal,science fiction,旅拍,Travel photography,technology,tech,diagrams,renderings,colors_20240830_00001_.png","https://img.ggggoods.com/2024/08/Surreal,science fiction,旅拍,Travel photography,technology,tech,diagrams,renderings,colors_20240830_00001_.png"
"Surreal,science fiction,去除字幕,Remove subtitles,technology,tech,diagrams,renderings,colors_20240830_00001_.png","https://img.ggggoods.com/2024/08/Surreal,science fiction,去除字幕,Remove subtitles,technology,tech,diagrams,renderings,colors_20240830_00001_.png"
"Surreal,science fiction,信息图,Infographic,technology,tech,diagrams,renderings,colors_20240830_00001_.png","https://img.ggggoods.com/2024/08/Surreal,science fiction,信息图,Infographic,technology,tech,diagrams,renderings,colors_20240830_00001_.png"
"Surreal,science fiction,数字人,digital man,technology,tech,diagrams,renderings,colors_20240830_00001_.png","https://img.ggggoods.com/2024/08/Surreal,science fiction,数字人,digital man,technology,tech,diagrams,renderings,colors_20240830_00001_.png"
"Surreal,science fiction,自媒体,self media,technology,tech,diagrams,renderings,colors_20240830_00001_.png","https://img.ggggoods.com/2024/08/Surreal,science fiction,自媒体,self media,technology,tech,diagrams,renderings,colors_20240830_00001_.png"
"Surreal,science fiction,黑客,hacker,technology,tech,diagrams,renderings,colors_20240830_00001_.png","https://img.ggggoods.com/2024/08/Surreal,science fiction,黑客,hacker,technology,tech,diagrams,renderings,colors_20240830_00001_.png"
"Surreal,science fiction,香港保险,Hong Kong Insurance,technology,tech,diagrams,renderings,colors_20240830_00001_.png","https://img.ggggoods.com/2024/08/Surreal,science fiction,香港保险,Hong Kong Insurance,technology,tech,diagrams,renderings,colors_20240830_00001_.png"
"Surreal,science fiction,摆件,Ornaments,technology,tech,diagrams,renderings,colors_20240830_00001_.png","https://img.ggggoods.com/2024/08/Surreal,science fiction,摆件,Ornaments,technology,tech,diagrams,renderings,colors_20240830_00001_.png"
"Surreal,science fiction,MBTI,MBTI,technology,tech,diagrams,renderings,colors_20240830_00001_.png","https://img.ggggoods.com/2024/08/Surreal,science fiction,MBTI,MBTI,technology,tech,diagrams,renderings,colors_20240830_00001_.png"
"Surreal,science fiction,宠物头像,pet avatar,technology,tech,diagrams,renderings,colors_20240830_00001_.png","https://img.ggggoods.com/2024/08/Surreal,science fiction,宠物头像,pet avatar,technology,tech,diagrams,renderings,colors_20240830_00001_.png"
"Surreal,science fiction,天涯神贴,Tianya Shen Tie,technology,tech,diagrams,renderings,colors_20240830_00001_.png","https://img.ggggoods.com/2024/08/Surreal,science fiction,天涯神贴,Tianya Shen Tie,technology,tech,diagrams,renderings,colors_20240830_00001_.png"
"Surreal,science fiction,养老,Pension,technology,tech,diagrams,renderings,colors_20240830_00001_.png","https://img.ggggoods.com/2024/08/Surreal,science fiction,养老,Pension,technology,tech,diagrams,renderings,colors_20240830_00001_.png"
"Surreal,science fiction,原创,原创,technology,tech,diagrams,renderings,colors_20240830_00001_.png","https://img.ggggoods.com/2024/08/Surreal,science fiction,原创,原创,technology,tech,diagrams,renderings,colors_20240830_00001_.png"
"Surreal,science fiction,写作,writing,technology,tech,diagrams,renderings,colors_20240830_00001_.png","https://img.ggggoods.com/2024/08/Surreal,science fiction,写作,writing,technology,tech,diagrams,renderings,colors_20240830_00001_.png"
"Surreal,science fiction,甘青大环线,Gansu-Qingdao Ring Road,technology,tech,diagrams,renderings,colors_20240830_00001_.png","https://img.ggggoods.com/2024/08/Surreal,science fiction,甘青大环线,Gansu-Qingdao Ring Road,technology,tech,diagrams,renderings,colors_20240830_00001_.png"
"Surreal,science fiction,怀孕,Pregnant,technology,tech,diagrams,renderings,colors_20240830_00001_.png","https://img.ggggoods.com/2024/08/Surreal,science fiction,怀孕,Pregnant,technology,tech,diagrams,renderings,colors_20240830_00001_.png"
"Surreal,science fiction,学生,student,technology,tech,diagrams,renderings,colors_20240830_00001_.png","https://img.ggggoods.com/2024/08/Surreal,science fiction,学生,student,technology,tech,diagrams,renderings,colors_20240830_00001_.png"
"Surreal,science fiction,性价比,Cost-effectiveness,technology,tech,diagrams,renderings,colors_20240830_00001_.png","https://img.ggggoods.com/2024/08/Surreal,science fiction,性价比,Cost-effectiveness,technology,tech,diagrams,renderings,colors_20240830_00001_.png"
"Surreal,science fiction,冰箱贴,refrigerator magnet,technology,tech,diagrams,renderings,colors_20240830_00001_.png","https://img.ggggoods.com/2024/08/Surreal,science fiction,冰箱贴,refrigerator magnet,technology,tech,diagrams,renderings,colors_20240830_00001_.png"
"Surreal,science fiction,辅导,Counseling,technology,tech,diagrams,renderings,colors_20240830_00001_.png","https://img.ggggoods.com/2024/08/Surreal,science fiction,辅导,Counseling,technology,tech,diagrams,renderings,colors_20240830_00001_.png"
"Surreal,science fiction,飞书,Feishu,technology,tech,diagrams,renderings,colors_20240830_00001_.png","https://img.ggggoods.com/2024/08/Surreal,science fiction,飞书,Feishu,technology,tech,diagrams,renderings,colors_20240830_00001_.png"
"Surreal,science fiction,放松,Relax,technology,tech,diagrams,renderings,colors_20240830_00001_.png","https://img.ggggoods.com/2024/08/Surreal,science fiction,放松,Relax,technology,tech,diagrams,renderings,colors_20240830_00001_.png"
"Surreal,science fiction,四级,Level 4,technology,tech,diagrams,renderings,colors_20240830_00001_.png","https://img.ggggoods.com/2024/08/Surreal,science fiction,四级,Level 4,technology,tech,diagrams,renderings,colors_20240830_00001_.png"
"Surreal,science fiction,甘青旅游,Gansu and Qinghai Tourism,technology,tech,diagrams,renderings,colors_20240830_00001_.png","https://img.ggggoods.com/2024/08/Surreal,science fiction,甘青旅游,Gansu and Qinghai Tourism,technology,tech,diagrams,renderings,colors_20240830_00001_.png"
"Surreal,science fiction,民宿,Homestay,technology,tech,diagrams,renderings,colors_20240830_00001_.png","https://img.ggggoods.com/2024/08/Surreal,science fiction,民宿,Homestay,technology,tech,diagrams,renderings,colors_20240830_00001_.png"
"Surreal,science fiction,美食,gourmet food,technology,tech,diagrams,renderings,colors_20240830_00001_.png","https://img.ggggoods.com/2024/08/Surreal,science fiction,美食,gourmet food,technology,tech,diagrams,renderings,colors_20240830_00001_.png"
"Surreal,science fiction,成人ADHD,Adult ADHD,technology,tech,diagrams,renderings,colors_20240830_00001_.png","https://img.ggggoods.com/2024/08/Surreal,science fiction,成人ADHD,Adult ADHD,technology,tech,diagrams,renderings,colors_20240830_00001_.png"
"Surreal,science fiction,矩阵,matrix,technology,tech,diagrams,renderings,colors_20240830_00001_.png","https://img.ggggoods.com/2024/08/Surreal,science fiction,矩阵,matrix,technology,tech,diagrams,renderings,colors_20240830_00001_.png"
"Surreal,science fiction,音乐,music,technology,tech,diagrams,renderings,colors_20240830_00001_.png","https://img.ggggoods.com/2024/08/Surreal,science fiction,音乐,music,technology,tech,diagrams,renderings,colors_20240830_00001_.png"
"Surreal,science fiction,首饰,jewelry,technology,tech,diagrams,renderings,colors_20240830_00001_.png","https://img.ggggoods.com/2024/08/Surreal,science fiction,首饰,jewelry,technology,tech,diagrams,renderings,colors_20240830_00001_.png"
"Surreal,science fiction,资产,assets,technology,tech,diagrams,renderings,colors_20240830_00001_.png","https://img.ggggoods.com/2024/08/Surreal,science fiction,资产,assets,technology,tech,diagrams,renderings,colors_20240830_00001_.png"
"Surreal,science fiction,分销,Distribution,technology,tech,diagrams,renderings,colors_20240830_00001_.png","https://img.ggggoods.com/2024/08/Surreal,science fiction,分销,Distribution,technology,tech,diagrams,renderings,colors_20240830_00001_.png"
"Surreal,science fiction,游戏账号,Game account,technology,tech,diagrams,renderings,colors_20240830_00001_.png","https://img.ggggoods.com/2024/08/Surreal,science fiction,游戏账号,Game account,technology,tech,diagrams,renderings,colors_20240830_00001_.png"
"Surreal,science fiction,防晒,sun protection,technology,tech,diagrams,renderings,colors_20240830_00001_.png","https://img.ggggoods.com/2024/08/Surreal,science fiction,防晒,sun protection,technology,tech,diagrams,renderings,colors_20240830_00001_.png"
"Surreal,science fiction,项链,necklace,technology,tech,diagrams,renderings,colors_20240830_00001_.png","https://img.ggggoods.com/2024/08/Surreal,science fiction,项链,necklace,technology,tech,diagrams,renderings,colors_20240830_00001_.png"
"Surreal,science fiction,挖掘机,excavator,technology,tech,diagrams,renderings,colors_20240830_00001_.png","https://img.ggggoods.com/2024/08/Surreal,science fiction,挖掘机,excavator,technology,tech,diagrams,renderings,colors_20240830_00001_.png"
"Surreal,science fiction,心意,mind,technology,tech,diagrams,renderings,colors_20240830_00001_.png","https://img.ggggoods.com/2024/08/Surreal,science fiction,心意,mind,technology,tech,diagrams,renderings,colors_20240830_00001_.png"
"Surreal,science fiction,手机壳,mobile phone case,technology,tech,diagrams,renderings,colors_20240830_00001_.png","https://img.ggggoods.com/2024/08/Surreal,science fiction,手机壳,mobile phone case,technology,tech,diagrams,renderings,colors_20240830_00001_.png"
"Surreal,science fiction,地球的心脏,heart of earth,technology,tech,diagrams,renderings,colors_20240830_00001_.png","https://img.ggggoods.com/2024/08/Surreal,science fiction,地球的心脏,heart of earth,technology,tech,diagrams,renderings,colors_20240830_00001_.png"
"Surreal,science fiction,创业,Start a business,technology,tech,diagrams,renderings,colors_20240830_00001_.png","https://img.ggggoods.com/2024/08/Surreal,science fiction,创业,Start a business,technology,tech,diagrams,renderings,colors_20240830_00001_.png"
"Surreal,science fiction,秋天,autumn,technology,tech,diagrams,renderings,colors_20240830_00001_.png","https://img.ggggoods.com/2024/08/Surreal,science fiction,秋天,autumn,technology,tech,diagrams,renderings,colors_20240830_00001_.png"
"Surreal,science fiction,卡片,card,technology,tech,diagrams,renderings,colors_20240830_00001_.png","https://img.ggggoods.com/2024/08/Surreal,science fiction,卡片,card,technology,tech,diagrams,renderings,colors_20240830_00001_.png"
"Surreal,science fiction,宁夏旅游,Ningxia travel,technology,tech,diagrams,renderings,colors_20240830_00001_.png","https://img.ggggoods.com/2024/08/Surreal,science fiction,宁夏旅游,Ningxia travel,technology,tech,diagrams,renderings,colors_20240830_00001_.png"
"Surreal,science fiction,工笔,Gongbi,technology,tech,diagrams,renderings,colors_20240830_00001_.png","https://img.ggggoods.com/2024/08/Surreal,science fiction,工笔,Gongbi,technology,tech,diagrams,renderings,colors_20240830_00001_.png"
"Surreal,science fiction,美白,Whitening,technology,tech,diagrams,renderings,colors_20240830_00001_.png","https://img.ggggoods.com/2024/08/Surreal,science fiction,美白,Whitening,technology,tech,diagrams,renderings,colors_20240830_00001_.png"
"Surreal,science fiction,星星酒店,Star Hotel,technology,tech,diagrams,renderings,colors_20240830_00001_.png","https://img.ggggoods.com/2024/08/Surreal,science fiction,星星酒店,Star Hotel,technology,tech,diagrams,renderings,colors_20240830_00001_.png"
"Surreal,science fiction,儿童睡前故事,bedtime stories for children,technology,tech,diagrams,renderings,colors_20240830_00001_.png","https://img.ggggoods.com/2024/08/Surreal,science fiction,儿童睡前故事,bedtime stories for children,technology,tech,diagrams,renderings,colors_20240830_00001_.png"
"Surreal,science fiction,猫粮,cat food,technology,tech,diagrams,renderings,colors_20240830_00001_.png","https://img.ggggoods.com/2024/08/Surreal,science fiction,猫粮,cat food,technology,tech,diagrams,renderings,colors_20240830_00001_.png"
"Surreal,science fiction,口腔,oral cavity,technology,tech,diagrams,renderings,colors_20240830_00001_.png","https://img.ggggoods.com/2024/08/Surreal,science fiction,口腔,oral cavity,technology,tech,diagrams,renderings,colors_20240830_00001_.png"
"Surreal,science fiction,信息差,information gap,technology,tech,diagrams,renderings,colors_20240830_00001_.png","https://img.ggggoods.com/2024/08/Surreal,science fiction,信息差,information gap,technology,tech,diagrams,renderings,colors_20240830_00001_.png"
"Surreal,science fiction,教程,Tutorial,technology,tech,diagrams,renderings,colors_20240830_00001_.png","https://img.ggggoods.com/2024/08/Surreal,science fiction,教程,Tutorial,technology,tech,diagrams,renderings,colors_20240830_00001_.png"
"Surreal,science fiction,稽核,audit,technology,tech,diagrams,renderings,colors_20240830_00001_.png","https://img.ggggoods.com/2024/08/Surreal,science fiction,稽核,audit,technology,tech,diagrams,renderings,colors_20240830_00001_.png"
"Surreal,science fiction,上香,Incense,technology,tech,diagrams,renderings,colors_20240830_00001_.png","https://img.ggggoods.com/2024/08/Surreal,science fiction,上香,Incense,technology,tech,diagrams,renderings,colors_20240830_00001_.png"
"Surreal,science fiction,一年,one year,technology,tech,diagrams,renderings,colors_20240830_00001_.png","https://img.ggggoods.com/2024/08/Surreal,science fiction,一年,one year,technology,tech,diagrams,renderings,colors_20240830_00001_.png"
"Surreal,science fiction,蜜桔,tangerine,technology,tech,diagrams,renderings,colors_20240830_00001_.png","https://img.ggggoods.com/2024/08/Surreal,science fiction,蜜桔,tangerine,technology,tech,diagrams,renderings,colors_20240830_00001_.png"
"Surreal,science fiction,冲锋衣,Jacket,technology,tech,diagrams,renderings,colors_20240830_00001_.png","https://img.ggggoods.com/2024/08/Surreal,science fiction,冲锋衣,Jacket,technology,tech,diagrams,renderings,colors_20240830_00001_.png"
"Surreal,science fiction,瑜伽垫,yoga mat,technology,tech,diagrams,renderings,colors_20240830_00001_.png","https://img.ggggoods.com/2024/08/Surreal,science fiction,瑜伽垫,yoga mat,technology,tech,diagrams,renderings,colors_20240830_00001_.png"
"Surreal,science fiction,副业,sideline,technology,tech,diagrams,renderings,colors_20240830_00001_.png","https://img.ggggoods.com/2024/08/Surreal,science fiction,副业,sideline,technology,tech,diagrams,renderings,colors_20240830_00001_.png"
"Surreal,science fiction,牛油果,avocado,technology,tech,diagrams,renderings,colors_20240830_00001_.png","https://img.ggggoods.com/2024/08/Surreal,science fiction,牛油果,avocado,technology,tech,diagrams,renderings,colors_20240830_00001_.png"
"Surreal,science fiction,KPI,KPI,technology,tech,diagrams,renderings,colors_20240830_00001_.png","https://img.ggggoods.com/2024/08/Surreal,science fiction,KPI,KPI,technology,tech,diagrams,renderings,colors_20240830_00001_.png"
"Surreal,science fiction,影视,Film and television,technology,tech,diagrams,renderings,colors_20240830_00001_.png","https://img.ggggoods.com/2024/08/Surreal,science fiction,影视,Film and television,technology,tech,diagrams,renderings,colors_20240830_00001_.png"
"Surreal,science fiction,模板,template,technology,tech,diagrams,renderings,colors_20240830_00001_.png","https://img.ggggoods.com/2024/08/Surreal,science fiction,模板,template,technology,tech,diagrams,renderings,colors_20240830_00001_.png"
"Surreal,science fiction,笔袋,pencil case,technology,tech,diagrams,renderings,colors_20240830_00001_.png","https://img.ggggoods.com/2024/08/Surreal,science fiction,笔袋,pencil case,technology,tech,diagrams,renderings,colors_20240830_00001_.png"
"Surreal,science fiction,头像,avatar,technology,tech,diagrams,renderings,colors_20240830_00001_.png","https://img.ggggoods.com/2024/08/Surreal,science fiction,头像,avatar,technology,tech,diagrams,renderings,colors_20240830_00001_.png"
"Surreal,science fiction,定制,custom made,technology,tech,diagrams,renderings,colors_20240830_00001_.png","https://img.ggggoods.com/2024/08/Surreal,science fiction,定制,custom made,technology,tech,diagrams,renderings,colors_20240830_00001_.png"
"Surreal,science fiction,发插,Hair penetration,technology,tech,diagrams,renderings,colors_20240830_00001_.png","https://img.ggggoods.com/2024/08/Surreal,science fiction,发插,Hair penetration,technology,tech,diagrams,renderings,colors_20240830_00001_.png"
"Surreal,science fiction,陪伴,accompany,technology,tech,diagrams,renderings,colors_20240830_00001_.png","https://img.ggggoods.com/2024/08/Surreal,science fiction,陪伴,accompany,technology,tech,diagrams,renderings,colors_20240830_00001_.png"
"Surreal,science fiction,连锁餐饮,chain restaurant,technology,tech,diagrams,renderings,colors_20240830_00001_.png","https://img.ggggoods.com/2024/08/Surreal,science fiction,连锁餐饮,chain restaurant,technology,tech,diagrams,renderings,colors_20240830_00001_.png"
"Surreal,science fiction,德语,German,technology,tech,diagrams,renderings,colors_20240830_00001_.png","https://img.ggggoods.com/2024/08/Surreal,science fiction,德语,German,technology,tech,diagrams,renderings,colors_20240830_00001_.png"
"Surreal,science fiction,路亚,lure,technology,tech,diagrams,renderings,colors_20240830_00001_.png","https://img.ggggoods.com/2024/08/Surreal,science fiction,路亚,lure,technology,tech,diagrams,renderings,colors_20240830_00001_.png"
"Surreal,science fiction,瑜伽椅,yoga chair,technology,tech,diagrams,renderings,colors_20240830_00001_.png","https://img.ggggoods.com/2024/08/Surreal,science fiction,瑜伽椅,yoga chair,technology,tech,diagrams,renderings,colors_20240830_00001_.png"
"Surreal,science fiction,木鱼,wooden fish,technology,tech,diagrams,renderings,colors_20240830_00001_.png","https://img.ggggoods.com/2024/08/Surreal,science fiction,木鱼,wooden fish,technology,tech,diagrams,renderings,colors_20240830_00001_.png"
"Surreal,science fiction,美甲,Manicure,technology,tech,diagrams,renderings,colors_20240830_00001_.png","https://img.ggggoods.com/2024/08/Surreal,science fiction,美甲,Manicure,technology,tech,diagrams,renderings,colors_20240830_00001_.png"
"Surreal,science fiction,虚拟商品,virtual goods,technology,tech,diagrams,renderings,colors_20240830_00001_.png","https://img.ggggoods.com/2024/08/Surreal,science fiction,虚拟商品,virtual goods,technology,tech,diagrams,renderings,colors_20240830_00001_.png"
"Surreal,science fiction,潮汕特产,Chaoshan specialties,technology,tech,diagrams,renderings,colors_20240830_00001_.png","https://img.ggggoods.com/2024/08/Surreal,science fiction,潮汕特产,Chaoshan specialties,technology,tech,diagrams,renderings,colors_20240830_00001_.png"
"Surreal,science fiction,云南旅居,Traveling in Yunnan,technology,tech,diagrams,renderings,colors_20240830_00001_.png","https://img.ggggoods.com/2024/08/Surreal,science fiction,云南旅居,Traveling in Yunnan,technology,tech,diagrams,renderings,colors_20240830_00001_.png"
"Surreal,science fiction,攻略,Strategy,technology,tech,diagrams,renderings,colors_20240830_00001_.png","https://img.ggggoods.com/2024/08/Surreal,science fiction,攻略,Strategy,technology,tech,diagrams,renderings,colors_20240830_00001_.png"
"Surreal,science fiction,路极,Luji,technology,tech,diagrams,renderings,colors_20240830_00001_.png","https://img.ggggoods.com/2024/08/Surreal,science fiction,路极,Luji,technology,tech,diagrams,renderings,colors_20240830_00001_.png"
"Surreal,science fiction,跟团,Group tour,technology,tech,diagrams,renderings,colors_20240830_00001_.png","https://img.ggggoods.com/2024/08/Surreal,science fiction,跟团,Group tour,technology,tech,diagrams,renderings,colors_20240830_00001_.png"
"Surreal,science fiction,财务分析,financial analysis,technology,tech,diagrams,renderings,colors_20240830_00001_.png","https://img.ggggoods.com/2024/08/Surreal,science fiction,财务分析,financial analysis,technology,tech,diagrams,renderings,colors_20240830_00001_.png"
"Surreal,science fiction,牛肉丸,Beef balls,technology,tech,diagrams,renderings,colors_20240830_00001_.png","https://img.ggggoods.com/2024/08/Surreal,science fiction,牛肉丸,Beef balls,technology,tech,diagrams,renderings,colors_20240830_00001_.png"
"Surreal,science fiction,旅行,travel,technology,tech,diagrams,renderings,colors_20240830_00001_.png","https://img.ggggoods.com/2024/08/Surreal,science fiction,旅行,travel,technology,tech,diagrams,renderings,colors_20240830_00001_.png"
"Surreal,science fiction,字体,font,technology,tech,diagrams,renderings,colors_20240830_00001_.png","https://img.ggggoods.com/2024/08/Surreal,science fiction,字体,font,technology,tech,diagrams,renderings,colors_20240830_00001_.png"
"Surreal,science fiction,本地生活,local life,technology,tech,diagrams,renderings,colors_20240830_00001_.png","https://img.ggggoods.com/2024/08/Surreal,science fiction,本地生活,local life,technology,tech,diagrams,renderings,colors_20240830_00001_.png"
"Surreal,science fiction,狗粮,dog food,technology,tech,diagrams,renderings,colors_20240830_00001_.png","https://img.ggggoods.com/2024/08/Surreal,science fiction,狗粮,dog food,technology,tech,diagrams,renderings,colors_20240830_00001_.png"
"Surreal,science fiction,网盘,Netdisk,technology,tech,diagrams,renderings,colors_20240830_00001_.png","https://img.ggggoods.com/2024/08/Surreal,science fiction,网盘,Netdisk,technology,tech,diagrams,renderings,colors_20240830_00001_.png"
"Surreal,science fiction,信息源,information source,technology,tech,diagrams,renderings,colors_20240830_00001_.png","https://img.ggggoods.com/2024/08/Surreal,science fiction,信息源,information source,technology,tech,diagrams,renderings,colors_20240830_00001_.png"
"Surreal,science fiction,浏览器插件,browser plug-in,technology,tech,diagrams,renderings,colors_20240830_00001_.png","https://img.ggggoods.com/2024/08/Surreal,science fiction,浏览器插件,browser plug-in,technology,tech,diagrams,renderings,colors_20240830_00001_.png"
"Surreal,science fiction,仪式感,sense of ritual,technology,tech,diagrams,renderings,colors_20240830_00001_.png","https://img.ggggoods.com/2024/08/Surreal,science fiction,仪式感,sense of ritual,technology,tech,diagrams,renderings,colors_20240830_00001_.png"
"Surreal,science fiction,睡前故事,bedtime story,technology,tech,diagrams,renderings,colors_20240830_00001_.png","https://img.ggggoods.com/2024/08/Surreal,science fiction,睡前故事,bedtime story,technology,tech,diagrams,renderings,colors_20240830_00001_.png"
"Surreal,science fiction,湿剃,wet shave,technology,tech,diagrams,renderings,colors_20240830_00001_.png","https://img.ggggoods.com/2024/08/Surreal,science fiction,湿剃,wet shave,technology,tech,diagrams,renderings,colors_20240830_00001_.png"
"Surreal,science fiction,起号,Starting number,technology,tech,diagrams,renderings,colors_20240830_00001_.png","https://img.ggggoods.com/2024/08/Surreal,science fiction,起号,Starting number,technology,tech,diagrams,renderings,colors_20240830_00001_.png"
"Surreal,science fiction,会员,member,technology,tech,diagrams,renderings,colors_20240830_00001_.png","https://img.ggggoods.com/2024/08/Surreal,science fiction,会员,member,technology,tech,diagrams,renderings,colors_20240830_00001_.png"
"Surreal,science fiction,玩具,Toy,technology,tech,diagrams,renderings,colors_20240830_00001_.png","https://img.ggggoods.com/2024/08/Surreal,science fiction,玩具,Toy,technology,tech,diagrams,renderings,colors_20240830_00001_.png"
"Surreal,science fiction,独立站,independent station,technology,tech,diagrams,renderings,colors_20240830_00001_.png","https://img.ggggoods.com/2024/08/Surreal,science fiction,独立站,independent station,technology,tech,diagrams,renderings,colors_20240830_00001_.png"
"Surreal,science fiction,英语,English,technology,tech,diagrams,renderings,colors_20240830_00001_.png","https://img.ggggoods.com/2024/08/Surreal,science fiction,英语,English,technology,tech,diagrams,renderings,colors_20240830_00001_.png"
"Surreal,science fiction,乌兰湖,Ulan Lake,technology,tech,diagrams,renderings,colors_20240830_00001_.png","https://img.ggggoods.com/2024/08/Surreal,science fiction,乌兰湖,Ulan Lake,technology,tech,diagrams,renderings,colors_20240830_00001_.png"
"Surreal,science fiction,芦荟胶,aloe vera gel,technology,tech,diagrams,renderings,colors_20240830_00001_.png","https://img.ggggoods.com/2024/08/Surreal,science fiction,芦荟胶,aloe vera gel,technology,tech,diagrams,renderings,colors_20240830_00001_.png"
"Surreal,science fiction,小程序,Mini program,technology,tech,diagrams,renderings,colors_20240830_00001_.png","https://img.ggggoods.com/2024/08/Surreal,science fiction,小程序,Mini program,technology,tech,diagrams,renderings,colors_20240830_00001_.png"
"Surreal,science fiction,职场,workplace,technology,tech,diagrams,renderings,colors_20240830_00001_.png","https://img.ggggoods.com/2024/08/Surreal,science fiction,职场,workplace,technology,tech,diagrams,renderings,colors_20240830_00001_.png"
"Surreal,science fiction,奢品,luxury goods,technology,tech,diagrams,renderings,colors_20240830_00001_.png","https://img.ggggoods.com/2024/08/Surreal,science fiction,奢品,luxury goods,technology,tech,diagrams,renderings,colors_20240830_00001_.png"
"Surreal,science fiction,直播,live streaming,technology,tech,diagrams,renderings,colors_20240830_00001_.png","https://img.ggggoods.com/2024/08/Surreal,science fiction,直播,live streaming,technology,tech,diagrams,renderings,colors_20240830_00001_.png"
"Surreal,science fiction,宠物,pet,technology,tech,diagrams,renderings,colors_20240830_00001_.png","https://img.ggggoods.com/2024/08/Surreal,science fiction,宠物,pet,technology,tech,diagrams,renderings,colors_20240830_00001_.png"
"Surreal,science fiction,家政,housekeeping,technology,tech,diagrams,renderings,colors_20240830_00001_.png","https://img.ggggoods.com/2024/08/Surreal,science fiction,家政,housekeeping,technology,tech,diagrams,renderings,colors_20240830_00001_.png"
"Surreal,science fiction,flink,flink,technology,tech,diagrams,renderings,colors_20240830_00001_.png","https://img.ggggoods.com/2024/08/Surreal,science fiction,flink,flink,technology,tech,diagrams,renderings,colors_20240830_00001_.png"
"Surreal,science fiction,沙拉酱,salad dressing,technology,tech,diagrams,renderings,colors_20240830_00001_.png","https://img.ggggoods.com/2024/08/Surreal,science fiction,沙拉酱,salad dressing,technology,tech,diagrams,renderings,colors_20240830_00001_.png"
"Surreal,science fiction,多动症,ADHD,technology,tech,diagrams,renderings,colors_20240830_00001_.png","https://img.ggggoods.com/2024/08/Surreal,science fiction,多动症,ADHD,technology,tech,diagrams,renderings,colors_20240830_00001_.png"
"Surreal,science fiction,投资,invest,technology,tech,diagrams,renderings,colors_20240830_00001_.png","https://img.ggggoods.com/2024/08/Surreal,science fiction,投资,invest,technology,tech,diagrams,renderings,colors_20240830_00001_.png"
"Surreal,science fiction,贴纸,sticker,technology,tech,diagrams,renderings,colors_20240830_00001_.png","https://img.ggggoods.com/2024/08/Surreal,science fiction,贴纸,sticker,technology,tech,diagrams,renderings,colors_20240830_00001_.png"
"Surreal,science fiction,字幕翻译,subtitle translation,technology,tech,diagrams,renderings,colors_20240830_00001_.png","https://img.ggggoods.com/2024/08/Surreal,science fiction,字幕翻译,subtitle translation,technology,tech,diagrams,renderings,colors_20240830_00001_.png"
"Surreal,science fiction,户外,outdoor,technology,tech,diagrams,renderings,colors_20240830_00001_.png","https://img.ggggoods.com/2024/08/Surreal,science fiction,户外,outdoor,technology,tech,diagrams,renderings,colors_20240830_00001_.png"
"Surreal,science fiction,增肌,Build muscle,technology,tech,diagrams,renderings,colors_20240830_00001_.png","https://img.ggggoods.com/2024/08/Surreal,science fiction,增肌,Build muscle,technology,tech,diagrams,renderings,colors_20240830_00001_.png"
"Surreal,science fiction,计划,plan,technology,tech,diagrams,renderings,colors_20240830_00001_.png","https://img.ggggoods.com/2024/08/Surreal,science fiction,计划,plan,technology,tech,diagrams,renderings,colors_20240830_00001_.png"
"Surreal,science fiction,个人护理,personal care,technology,tech,diagrams,renderings,colors_20240830_00001_.png","https://img.ggggoods.com/2024/08/Surreal,science fiction,个人护理,personal care,technology,tech,diagrams,renderings,colors_20240830_00001_.png"
"Surreal,science fiction,督导,supervise,technology,tech,diagrams,renderings,colors_20240830_00001_.png","https://img.ggggoods.com/2024/08/Surreal,science fiction,督导,supervise,technology,tech,diagrams,renderings,colors_20240830_00001_.png"
"Surreal,science fiction,文具,Stationery,technology,tech,diagrams,renderings,colors_20240830_00001_.png","https://img.ggggoods.com/2024/08/Surreal,science fiction,文具,Stationery,technology,tech,diagrams,renderings,colors_20240830_00001_.png"
"Surreal,science fiction,营运,Operation,technology,tech,diagrams,renderings,colors_20240830_00001_.png","https://img.ggggoods.com/2024/08/Surreal,science fiction,营运,Operation,technology,tech,diagrams,renderings,colors_20240830_00001_.png"
"Surreal,science fiction,工笔画,meticulous painting,technology,tech,diagrams,renderings,colors_20240830_00001_.png","https://img.ggggoods.com/2024/08/Surreal,science fiction,工笔画,meticulous painting,technology,tech,diagrams,renderings,colors_20240830_00001_.png"
"Surreal,science fiction,香水,perfume,technology,tech,diagrams,renderings,colors_20240830_00001_.png","https://img.ggggoods.com/2024/08/Surreal,science fiction,香水,perfume,technology,tech,diagrams,renderings,colors_20240830_00001_.png"
"Surreal,science fiction,模型,Model,technology,tech,diagrams,renderings,colors_20240830_00001_.png","https://img.ggggoods.com/2024/08/Surreal,science fiction,模型,Model,technology,tech,diagrams,renderings,colors_20240830_00001_.png"
"Surreal,science fiction,礼物,Gift,technology,tech,diagrams,renderings,colors_20240830_00001_.png","https://img.ggggoods.com/2024/08/Surreal,science fiction,礼物,Gift,technology,tech,diagrams,renderings,colors_20240830_00001_.png"
"Surreal,science fiction,医美,Medical beauty,technology,tech,diagrams,renderings,colors_20240830_00001_.png","https://img.ggggoods.com/2024/08/Surreal,science fiction,医美,Medical beauty,technology,tech,diagrams,renderings,colors_20240830_00001_.png"
"Surreal,science fiction,职业规划,career planning,technology,tech,diagrams,renderings,colors_20240830_00001_.png","https://img.ggggoods.com/2024/08/Surreal,science fiction,职业规划,career planning,technology,tech,diagrams,renderings,colors_20240830_00001_.png"
"Surreal,science fiction,轻资产,light asset,technology,tech,diagrams,renderings,colors_20240830_00001_.png","https://img.ggggoods.com/2024/08/Surreal,science fiction,轻资产,light asset,technology,tech,diagrams,renderings,colors_20240830_00001_.png"
"Surreal,science fiction,宁夏,Ningxia,technology,tech,diagrams,renderings,colors_20240830_00001_.png","https://img.ggggoods.com/2024/08/Surreal,science fiction,宁夏,Ningxia,technology,tech,diagrams,renderings,colors_20240830_00001_.png"
"Surreal,science fiction,书包,bag,technology,tech,diagrams,renderings,colors_20240830_00001_.png","https://img.ggggoods.com/2024/08/Surreal,science fiction,书包,bag,technology,tech,diagrams,renderings,colors_20240830_00001_.png"
"Surreal,science fiction,搞钱,make money,technology,tech,diagrams,renderings,colors_20240830_00001_.png","https://img.ggggoods.com/2024/08/Surreal,science fiction,搞钱,make money,technology,tech,diagrams,renderings,colors_20240830_00001_.png"
"Surreal,science fiction,固体饮料,solid drink,technology,tech,diagrams,renderings,colors_20240830_00001_.png","https://img.ggggoods.com/2024/08/Surreal,science fiction,固体饮料,solid drink,technology,tech,diagrams,renderings,colors_20240830_00001_.png"
"Surreal,science fiction,律师,lawyer,technology,tech,diagrams,renderings,colors_20240830_00001_.png","https://img.ggggoods.com/2024/08/Surreal,science fiction,律师,lawyer,technology,tech,diagrams,renderings,colors_20240830_00001_.png"
"Surreal,science fiction,看板,Kanban,technology,tech,diagrams,renderings,colors_20240830_00001_.png","https://img.ggggoods.com/2024/08/Surreal,science fiction,看板,Kanban,technology,tech,diagrams,renderings,colors_20240830_00001_.png"
"Surreal,science fiction,起诉书,indictment,technology,tech,diagrams,renderings,colors_20240830_00001_.png","https://img.ggggoods.com/2024/08/Surreal,science fiction,起诉书,indictment,technology,tech,diagrams,renderings,colors_20240830_00001_.png"
"Surreal,science fiction,人民邮电出版社,People's Posts and Telecommunications Publishing House,technology,tech,diagrams,renderings,colors_20240830_00001_.png","https://img.ggggoods.com/2024/08/Surreal,science fiction,人民邮电出版社,People's Posts and Telecommunications Publishing House,technology,tech,diagrams,renderings,colors_20240830_00001_.png"
"Surreal,science fiction,AI视频,AI video,technology,tech,diagrams,renderings,colors_20240830_00001_.png","https://img.ggggoods.com/2024/08/Surreal,science fiction,AI视频,AI video,technology,tech,diagrams,renderings,colors_20240830_00001_.png"
"Surreal,science fiction,硃砂,cinnabar,technology,tech,diagrams,renderings,colors_20240830_00001_.png","https://img.ggggoods.com/2024/08/Surreal,science fiction,硃砂,cinnabar,technology,tech,diagrams,renderings,colors_20240830_00001_.png"
"Surreal,science fiction,番茄沙司,tomato sauce,technology,tech,diagrams,renderings,colors_20240830_00001_.png","https://img.ggggoods.com/2024/08/Surreal,science fiction,番茄沙司,tomato sauce,technology,tech,diagrams,renderings,colors_20240830_00001_.png"
"Surreal,science fiction,国外教材,Foreign textbooks,technology,tech,diagrams,renderings,colors_20240830_00001_.png","https://img.ggggoods.com/2024/08/Surreal,science fiction,国外教材,Foreign textbooks,technology,tech,diagrams,renderings,colors_20240830_00001_.png"
"Surreal,science fiction,艾叶,mugwort leaves,technology,tech,diagrams,renderings,colors_20240830_00001_.png","https://img.ggggoods.com/2024/08/Surreal,science fiction,艾叶,mugwort leaves,technology,tech,diagrams,renderings,colors_20240830_00001_.png"
"Surreal,science fiction,工具,tool,technology,tech,diagrams,renderings,colors_20240830_00001_.png","https://img.ggggoods.com/2024/08/Surreal,science fiction,工具,tool,technology,tech,diagrams,renderings,colors_20240830_00001_.png"
"Surreal,science fiction,做号,Make a number,technology,tech,diagrams,renderings,colors_20240830_00001_.png","https://img.ggggoods.com/2024/08/Surreal,science fiction,做号,Make a number,technology,tech,diagrams,renderings,colors_20240830_00001_.png"
"Surreal,science fiction,代理记账,Accounting agency,technology,tech,diagrams,renderings,colors_20240830_00001_.png","https://img.ggggoods.com/2024/08/Surreal,science fiction,代理记账,Accounting agency,technology,tech,diagrams,renderings,colors_20240830_00001_.png"
"Surreal,science fiction,捷径,shortcut,technology,tech,diagrams,renderings,colors_20240830_00001_.png","https://img.ggggoods.com/2024/08/Surreal,science fiction,捷径,shortcut,technology,tech,diagrams,renderings,colors_20240830_00001_.png"
"Surreal,science fiction,u盘,U disk,technology,tech,diagrams,renderings,colors_20240830_00001_.png","https://img.ggggoods.com/2024/08/Surreal,science fiction,u盘,U disk,technology,tech,diagrams,renderings,colors_20240830_00001_.png"
"Surreal,science fiction,成毅签名照,Cheng Yi's signed photo,technology,tech,diagrams,renderings,colors_20240830_00001_.png","https://img.ggggoods.com/2024/08/Surreal,science fiction,成毅签名照,Cheng Yi's signed photo,technology,tech,diagrams,renderings,colors_20240830_00001_.png"
"Surreal,science fiction,个人IP,Personal IP,technology,tech,diagrams,renderings,colors_20240830_00001_.png","https://img.ggggoods.com/2024/08/Surreal,science fiction,个人IP,Personal IP,technology,tech,diagrams,renderings,colors_20240830_00001_.png"
"Surreal,science fiction,婚礼,wedding,technology,tech,diagrams,renderings,colors_20240830_00001_.png","https://img.ggggoods.com/2024/08/Surreal,science fiction,婚礼,wedding,technology,tech,diagrams,renderings,colors_20240830_00001_.png"
"Surreal,science fiction,视频号,Video number,technology,tech,diagrams,renderings,colors_20240830_00001_.png","https://img.ggggoods.com/2024/08/Surreal,science fiction,视频号,Video number,technology,tech,diagrams,renderings,colors_20240830_00001_.png"
"Surreal,science fiction,培训,training,technology,tech,diagrams,renderings,colors_20240830_00001_.png","https://img.ggggoods.com/2024/08/Surreal,science fiction,培训,training,technology,tech,diagrams,renderings,colors_20240830_00001_.png"
"Surreal,science fiction,达人,Master,technology,tech,diagrams,renderings,colors_20240830_00001_.png","https://img.ggggoods.com/2024/08/Surreal,science fiction,达人,Master,technology,tech,diagrams,renderings,colors_20240830_00001_.png"
"Surreal,science fiction,颈椎按摩器,cervical massager,technology,tech,diagrams,renderings,colors_20240830_00001_.png","https://img.ggggoods.com/2024/08/Surreal,science fiction,颈椎按摩器,cervical massager,technology,tech,diagrams,renderings,colors_20240830_00001_.png"
"Surreal,science fiction,取名,Name,technology,tech,diagrams,renderings,colors_20240830_00001_.png","https://img.ggggoods.com/2024/08/Surreal,science fiction,取名,Name,technology,tech,diagrams,renderings,colors_20240830_00001_.png"
"Surreal,science fiction,成长,growing up,technology,tech,diagrams,renderings,colors_20240830_00001_.png","https://img.ggggoods.com/2024/08/Surreal,science fiction,成长,growing up,technology,tech,diagrams,renderings,colors_20240830_00001_.png"
"Surreal,science fiction,赚钱,make money,technology,tech,diagrams,renderings,colors_20240830_00001_.png","https://img.ggggoods.com/2024/08/Surreal,science fiction,赚钱,make money,technology,tech,diagrams,renderings,colors_20240830_00001_.png"
"Surreal,science fiction,青海旅游,Qinghai Tourism,technology,tech,diagrams,renderings,colors_20240830_00001_.png","https://img.ggggoods.com/2024/08/Surreal,science fiction,青海旅游,Qinghai Tourism,technology,tech,diagrams,renderings,colors_20240830_00001_.png"
"Surreal,science fiction,运营,operations,technology,tech,diagrams,renderings,colors_20240830_00001_.png","https://img.ggggoods.com/2024/08/Surreal,science fiction,运营,operations,technology,tech,diagrams,renderings,colors_20240830_00001_.png"
"Surreal,science fiction,特训,Special training,technology,tech,diagrams,renderings,colors_20240830_00001_.png","https://img.ggggoods.com/2024/08/Surreal,science fiction,特训,Special training,technology,tech,diagrams,renderings,colors_20240830_00001_.png"
"Surreal,science fiction,工作流,Workflow,technology,tech,diagrams,renderings,colors_20240830_00001_.png","https://img.ggggoods.com/2024/08/Surreal,science fiction,工作流,Workflow,technology,tech,diagrams,renderings,colors_20240830_00001_.png"
"Surreal,science fiction,adhd,adhd,technology,tech,diagrams,renderings,colors_20240830_00001_.png","https://img.ggggoods.com/2024/08/Surreal,science fiction,adhd,adhd,technology,tech,diagrams,renderings,colors_20240830_00001_.png"
"Surreal,science fiction,瑜伽,Yoga,technology,tech,diagrams,renderings,colors_20240830_00001_.png","https://img.ggggoods.com/2024/08/Surreal,science fiction,瑜伽,Yoga,technology,tech,diagrams,renderings,colors_20240830_00001_.png"
"Surreal,science fiction,中秋,Mid-Autumn Festival,technology,tech,diagrams,renderings,colors_20240830_00001_.png","https://img.ggggoods.com/2024/08/Surreal,science fiction,中秋,Mid-Autumn Festival,technology,tech,diagrams,renderings,colors_20240830_00001_.png"
"Surreal,science fiction,减脂,fat loss,technology,tech,diagrams,renderings,colors_20240830_00001_.png","https://img.ggggoods.com/2024/08/Surreal,science fiction,减脂,fat loss,technology,tech,diagrams,renderings,colors_20240830_00001_.png"
"Surreal,science fiction,等一分钟,wait a minute,technology,tech,diagrams,renderings,colors_20240830_00001_.png","https://img.ggggoods.com/2024/08/Surreal,science fiction,等一分钟,wait a minute,technology,tech,diagrams,renderings,colors_20240830_00001_.png"
"Surreal,science fiction,入秋,Autumn comes,technology,tech,diagrams,renderings,colors_20240830_00001_.png","https://img.ggggoods.com/2024/08/Surreal,science fiction,入秋,Autumn comes,technology,tech,diagrams,renderings,colors_20240830_00001_.png"
"Surreal,science fiction,手工,manual,technology,tech,diagrams,renderings,colors_20240830_00001_.png","https://img.ggggoods.com/2024/08/Surreal,science fiction,手工,manual,technology,tech,diagrams,renderings,colors_20240830_00001_.png"
"Surreal,science fiction,AIGC,AIGC,technology,tech,diagrams,renderings,colors_20240830_00001_.png","https://img.ggggoods.com/2024/08/Surreal,science fiction,AIGC,AIGC,technology,tech,diagrams,renderings,colors_20240830_00001_.png"
"Surreal,science fiction,notion阅览室,concept reading room,technology,tech,diagrams,renderings,colors_20240830_00001_.png","https://img.ggggoods.com/2024/08/Surreal,science fiction,notion阅览室,concept reading room,technology,tech,diagrams,renderings,colors_20240830_00001_.png"
"Surreal,science fiction,游学,Study Tour,technology,tech,diagrams,renderings,colors_20240830_00001_.png","https://img.ggggoods.com/2024/08/Surreal,science fiction,游学,Study Tour,technology,tech,diagrams,renderings,colors_20240830_00001_.png"
"Surreal,science fiction,素材,material,technology,tech,diagrams,renderings,colors_20240830_00001_.png","https://img.ggggoods.com/2024/08/Surreal,science fiction,素材,material,technology,tech,diagrams,renderings,colors_20240830_00001_.png"
"Surreal,science fiction,二次元,Two dimensions,technology,tech,diagrams,renderings,colors_20240830_00001_.png","https://img.ggggoods.com/2024/08/Surreal,science fiction,二次元,Two dimensions,technology,tech,diagrams,renderings,colors_20240830_00001_.png"
"Surreal,science fiction,excel,excel,technology,tech,diagrams,renderings,colors_20240830_00001_.png","https://img.ggggoods.com/2024/08/Surreal,science fiction,excel,excel,technology,tech,diagrams,renderings,colors_20240830_00001_.png"
"Surreal,science fiction,水晶,crystal,technology,tech,diagrams,renderings,colors_20240830_00001_.png","https://img.ggggoods.com/2024/08/Surreal,science fiction,水晶,crystal,technology,tech,diagrams,renderings,colors_20240830_00001_.png"
"Surreal,science fiction,留学,Study abroad,technology,tech,diagrams,renderings,colors_20240830_00001_.png","https://img.ggggoods.com/2024/08/Surreal,science fiction,留学,Study abroad,technology,tech,diagrams,renderings,colors_20240830_00001_.png"
"Surreal,science fiction,笔,Pen,technology,tech,diagrams,renderings,colors_20240830_00001_.png","https://img.ggggoods.com/2024/08/Surreal,science fiction,笔,Pen,technology,tech,diagrams,renderings,colors_20240830_00001_.png"
"Surreal,science fiction,健身,fitness,technology,tech,diagrams,renderings,colors_20240830_00001_.png","https://img.ggggoods.com/2024/08/Surreal,science fiction,健身,fitness,technology,tech,diagrams,renderings,colors_20240830_00001_.png"
"Surreal,science fiction,冰箱磁铁,refrigerator magnet,technology,tech,diagrams,renderings,colors_20240830_00001_.png","https://img.ggggoods.com/2024/08/Surreal,science fiction,冰箱磁铁,refrigerator magnet,technology,tech,diagrams,renderings,colors_20240830_00001_.png"
"Surreal,science fiction,自动,automatic,technology,tech,diagrams,renderings,colors_20240830_00001_.png","https://img.ggggoods.com/2024/08/Surreal,science fiction,自动,automatic,technology,tech,diagrams,renderings,colors_20240830_00001_.png"
"Surreal,science fiction,团队,team,technology,tech,diagrams,renderings,colors_20240830_00001_.png","https://img.ggggoods.com/2024/08/Surreal,science fiction,团队,team,technology,tech,diagrams,renderings,colors_20240830_00001_.png"
"Surreal,science fiction,AI副业,AI side hustle,technology,tech,diagrams,renderings,colors_20240830_00001_.png","https://img.ggggoods.com/2024/08/Surreal,science fiction,AI副业,AI side hustle,technology,tech,diagrams,renderings,colors_20240830_00001_.png"
"Surreal,science fiction,康养旅居,Wellness and Residence,technology,tech,diagrams,renderings,colors_20240830_00001_.png","https://img.ggggoods.com/2024/08/Surreal,science fiction,康养旅居,Wellness and Residence,technology,tech,diagrams,renderings,colors_20240830_00001_.png"
"Surreal,science fiction,宿舍,dormitory,technology,tech,diagrams,renderings,colors_20240830_00001_.png","https://img.ggggoods.com/2024/08/Surreal,science fiction,宿舍,dormitory,technology,tech,diagrams,renderings,colors_20240830_00001_.png"
"Surreal,science fiction,全套,full set,technology,tech,diagrams,renderings,colors_20240830_00001_.png","https://img.ggggoods.com/2024/08/Surreal,science fiction,全套,full set,technology,tech,diagrams,renderings,colors_20240830_00001_.png"
"Surreal,science fiction,抗衰,Anti-aging,technology,tech,diagrams,renderings,colors_20240830_00001_.png","https://img.ggggoods.com/2024/08/Surreal,science fiction,抗衰,Anti-aging,technology,tech,diagrams,renderings,colors_20240830_00001_.png"
"Surreal,science fiction,Midjourney,Midjourney,technology,tech,diagrams,renderings,colors_20240830_00001_.png","https://img.ggggoods.com/2024/08/Surreal,science fiction,Midjourney,Midjourney,technology,tech,diagrams,renderings,colors_20240830_00001_.png"
"Surreal,science fiction,极氪汽车,Jikrypton Automobile,technology,tech,diagrams,renderings,colors_20240830_00001_.png","https://img.ggggoods.com/2024/08/Surreal,science fiction,极氪汽车,Jikrypton Automobile,technology,tech,diagrams,renderings,colors_20240830_00001_.png"
"Surreal,science fiction,回忆录,Memoirs,technology,tech,diagrams,renderings,colors_20240830_00001_.png","https://img.ggggoods.com/2024/08/Surreal,science fiction,回忆录,Memoirs,technology,tech,diagrams,renderings,colors_20240830_00001_.png"
"Surreal,science fiction,苹果捷径,apple shortcut,technology,tech,diagrams,renderings,colors_20240830_00001_.png","https://img.ggggoods.com/2024/08/Surreal,science fiction,苹果捷径,apple shortcut,technology,tech,diagrams,renderings,colors_20240830_00001_.png"
"Surreal,science fiction,记账,Accounting,technology,tech,diagrams,renderings,colors_20240830_00001_.png","https://img.ggggoods.com/2024/08/Surreal,science fiction,记账,Accounting,technology,tech,diagrams,renderings,colors_20240830_00001_.png"
"Surreal,science fiction,文旅,Culture and Tourism,technology,tech,diagrams,renderings,colors_20240830_00001_.png","https://img.ggggoods.com/2024/08/Surreal,science fiction,文旅,Culture and Tourism,technology,tech,diagrams,renderings,colors_20240830_00001_.png"
"Surreal,science fiction,腾格里沙漠,Tengger Desert,technology,tech,diagrams,renderings,colors_20240830_00001_.png","https://img.ggggoods.com/2024/08/Surreal,science fiction,腾格里沙漠,Tengger Desert,technology,tech,diagrams,renderings,colors_20240830_00001_.png"
"Surreal,science fiction,高中生,high school student,technology,tech,diagrams,renderings,colors_20240830_00001_.png","https://img.ggggoods.com/2024/08/Surreal,science fiction,高中生,high school student,technology,tech,diagrams,renderings,colors_20240830_00001_.png"
"Surreal,science fiction,珍珠,pearl,technology,tech,diagrams,renderings,colors_20240830_00001_.png","https://img.ggggoods.com/2024/08/Surreal,science fiction,珍珠,pearl,technology,tech,diagrams,renderings,colors_20240830_00001_.png"
"Surreal,science fiction,写真,photo,technology,tech,diagrams,renderings,colors_20240830_00001_.png","https://img.ggggoods.com/2024/08/Surreal,science fiction,写真,photo,technology,tech,diagrams,renderings,colors_20240830_00001_.png"
"Surreal,science fiction,预制菜,Prepared dishes,technology,tech,diagrams,renderings,colors_20240830_00001_.png","https://img.ggggoods.com/2024/08/Surreal,science fiction,预制菜,Prepared dishes,technology,tech,diagrams,renderings,colors_20240830_00001_.png"
"Surreal,science fiction,IP,IP,technology,tech,diagrams,renderings,colors_20240830_00001_.png","https://img.ggggoods.com/2024/08/Surreal,science fiction,IP,IP,technology,tech,diagrams,renderings,colors_20240830_00001_.png"
"Surreal,science fiction,方案,plan,technology,tech,diagrams,renderings,colors_20240830_00001_.png","https://img.ggggoods.com/2024/08/Surreal,science fiction,方案,plan,technology,tech,diagrams,renderings,colors_20240830_00001_.png"
"Surreal,science fiction,游乐,amusement,technology,tech,diagrams,renderings,colors_20240830_00001_.png","https://img.ggggoods.com/2024/08/Surreal,science fiction,游乐,amusement,technology,tech,diagrams,renderings,colors_20240830_00001_.png"
"Surreal,science fiction,服务,Serve,technology,tech,diagrams,renderings,colors_20240830_00001_.png","https://img.ggggoods.com/2024/08/Surreal,science fiction,服务,Serve,technology,tech,diagrams,renderings,colors_20240830_00001_.png"
"Surreal,science fiction,月饼,moon cake,technology,tech,diagrams,renderings,colors_20240830_00001_.png","https://img.ggggoods.com/2024/08/Surreal,science fiction,月饼,moon cake,technology,tech,diagrams,renderings,colors_20240830_00001_.png"
"Surreal,science fiction,十三行,Thirteen lines,technology,tech,diagrams,renderings,colors_20240830_00001_.png","https://img.ggggoods.com/2024/08/Surreal,science fiction,十三行,Thirteen lines,technology,tech,diagrams,renderings,colors_20240830_00001_.png"
"Surreal,science fiction,增长,increase,technology,tech,diagrams,renderings,colors_20240830_00001_.png","https://img.ggggoods.com/2024/08/Surreal,science fiction,增长,increase,technology,tech,diagrams,renderings,colors_20240830_00001_.png"
"Surreal,science fiction,情侣睡前故事,Couple bedtime story,technology,tech,diagrams,renderings,colors_20240830_00001_.png","https://img.ggggoods.com/2024/08/Surreal,science fiction,情侣睡前故事,Couple bedtime story,technology,tech,diagrams,renderings,colors_20240830_00001_.png"
"Surreal,science fiction,免费商用字体,Free commercial fonts,technology,tech,diagrams,renderings,colors_20240830_00001_.png","https://img.ggggoods.com/2024/08/Surreal,science fiction,免费商用字体,Free commercial fonts,technology,tech,diagrams,renderings,colors_20240830_00001_.png"
"Surreal,science fiction,麦高高,Mai Gaogao,technology,tech,diagrams,renderings,colors_20240830_00001_.png","https://img.ggggoods.com/2024/08/Surreal,science fiction,麦高高,Mai Gaogao,technology,tech,diagrams,renderings,colors_20240830_00001_.png"
"Surreal,science fiction,眼镜,Glasses,technology,tech,diagrams,renderings,colors_20240830_00001_.png","https://img.ggggoods.com/2024/08/Surreal,science fiction,眼镜,Glasses,technology,tech,diagrams,renderings,colors_20240830_00001_.png"
"Surreal,science fiction,投放,Place,technology,tech,diagrams,renderings,colors_20240830_00001_.png","https://img.ggggoods.com/2024/08/Surreal,science fiction,投放,Place,technology,tech,diagrams,renderings,colors_20240830_00001_.png"
"Surreal,science fiction,研学,study,technology,tech,diagrams,renderings,colors_20240830_00001_.png","https://img.ggggoods.com/2024/08/Surreal,science fiction,研学,study,technology,tech,diagrams,renderings,colors_20240830_00001_.png"
"Surreal,science fiction,虚拟,virtual,technology,tech,diagrams,renderings,colors_20240830_00001_.png","https://img.ggggoods.com/2024/08/Surreal,science fiction,虚拟,virtual,technology,tech,diagrams,renderings,colors_20240830_00001_.png"
"Surreal,science fiction,美睫,beautiful eyelashes,technology,tech,diagrams,renderings,colors_20240830_00001_.png","https://img.ggggoods.com/2024/08/Surreal,science fiction,美睫,beautiful eyelashes,technology,tech,diagrams,renderings,colors_20240830_00001_.png"
"Surreal,science fiction,考编,Examination,technology,tech,diagrams,renderings,colors_20240830_00001_.png","https://img.ggggoods.com/2024/08/Surreal,science fiction,考编,Examination,technology,tech,diagrams,renderings,colors_20240830_00001_.png"
"Surreal,science fiction,宁夏旅行社,Ningxia Travel Agency,technology,tech,diagrams,renderings,colors_20240830_00001_.png","https://img.ggggoods.com/2024/08/Surreal,science fiction,宁夏旅行社,Ningxia Travel Agency,technology,tech,diagrams,renderings,colors_20240830_00001_.png"
"Surreal,science fiction,平安符,Peace Talisman,technology,tech,diagrams,renderings,colors_20240830_00001_.png","https://img.ggggoods.com/2024/08/Surreal,science fiction,平安符,Peace Talisman,technology,tech,diagrams,renderings,colors_20240830_00001_.png"
"Surreal,science fiction,奥斯陆早餐,Breakfast in Oslo,technology,tech,diagrams,renderings,colors_20240830_00001_.png","https://img.ggggoods.com/2024/08/Surreal,science fiction,奥斯陆早餐,Breakfast in Oslo,technology,tech,diagrams,renderings,colors_20240830_00001_.png"
"Surreal,science fiction,选品,Selection,technology,tech,diagrams,renderings,colors_20240830_00001_.png","https://img.ggggoods.com/2024/08/Surreal,science fiction,选品,Selection,technology,tech,diagrams,renderings,colors_20240830_00001_.png"
"Surreal,science fiction,推广,promotion,technology,tech,diagrams,renderings,colors_20240830_00001_.png","https://img.ggggoods.com/2024/08/Surreal,science fiction,推广,promotion,technology,tech,diagrams,renderings,colors_20240830_00001_.png"
"Surreal,science fiction,RPA,RPA,technology,tech,diagrams,renderings,colors_20240830_00001_.png","https://img.ggggoods.com/2024/08/Surreal,science fiction,RPA,RPA,technology,tech,diagrams,renderings,colors_20240830_00001_.png"
"Surreal,science fiction,居家,home,technology,tech,diagrams,renderings,colors_20240830_00001_.png","https://img.ggggoods.com/2024/08/Surreal,science fiction,居家,home,technology,tech,diagrams,renderings,colors_20240830_00001_.png"
"Surreal,science fiction,招商,Investment promotion,technology,tech,diagrams,renderings,colors_20240830_00001_.png","https://img.ggggoods.com/2024/08/Surreal,science fiction,招商,Investment promotion,technology,tech,diagrams,renderings,colors_20240830_00001_.png"
"Surreal,science fiction,少儿美术,children's art,technology,tech,diagrams,renderings,colors_20240830_00001_.png","https://img.ggggoods.com/2024/08/Surreal,science fiction,少儿美术,children's art,technology,tech,diagrams,renderings,colors_20240830_00001_.png"
"Surreal,science fiction,戒指,ring,technology,tech,diagrams,renderings,colors_20240830_00001_.png","https://img.ggggoods.com/2024/08/Surreal,science fiction,戒指,ring,technology,tech,diagrams,renderings,colors_20240830_00001_.png"
"Surreal,science fiction,宠物用品,pet supplies,technology,tech,diagrams,renderings,colors_20240830_00001_.png","https://img.ggggoods.com/2024/08/Surreal,science fiction,宠物用品,pet supplies,technology,tech,diagrams,renderings,colors_20240830_00001_.png"
"Surreal,science fiction,协作,cooperation,technology,tech,diagrams,renderings,colors_20240830_00001_.png","https://img.ggggoods.com/2024/08/Surreal,science fiction,协作,cooperation,technology,tech,diagrams,renderings,colors_20240830_00001_.png"
"Surreal,science fiction,甘青,Ganqing,technology,tech,diagrams,renderings,colors_20240830_00001_.png","https://img.ggggoods.com/2024/08/Surreal,science fiction,甘青,Ganqing,technology,tech,diagrams,renderings,colors_20240830_00001_.png"
"Surreal,science fiction,权益,rights and interests,technology,tech,diagrams,renderings,colors_20240830_00001_.png","https://img.ggggoods.com/2024/08/Surreal,science fiction,权益,rights and interests,technology,tech,diagrams,renderings,colors_20240830_00001_.png"
"Surreal,science fiction,胶原蛋白,collagen,technology,tech,diagrams,renderings,colors_20240830_00001_.png","https://img.ggggoods.com/2024/08/Surreal,science fiction,胶原蛋白,collagen,technology,tech,diagrams,renderings,colors_20240830_00001_.png"
"Surreal,science fiction,计算机,computer,technology,tech,diagrams,renderings,colors_20240830_00001_.png","https://img.ggggoods.com/2024/08/Surreal,science fiction,计算机,computer,technology,tech,diagrams,renderings,colors_20240830_00001_.png"
"Surreal,science fiction,年会,annual meeting,technology,tech,diagrams,renderings,colors_20240830_00001_.png","https://img.ggggoods.com/2024/08/Surreal,science fiction,年会,annual meeting,technology,tech,diagrams,renderings,colors_20240830_00001_.png"
"Surreal,science fiction,程序员,programmer,technology,tech,diagrams,renderings,colors_20240830_00001_.png","https://img.ggggoods.com/2024/08/Surreal,science fiction,程序员,programmer,technology,tech,diagrams,renderings,colors_20240830_00001_.png"
"Surreal,science fiction,奶茶,milk tea,technology,tech,diagrams,renderings,colors_20240830_00001_.png","https://img.ggggoods.com/2024/08/Surreal,science fiction,奶茶,milk tea,technology,tech,diagrams,renderings,colors_20240830_00001_.png"
"Surreal,science fiction,军训,military training,technology,tech,diagrams,renderings,colors_20240830_00001_.png","https://img.ggggoods.com/2024/08/Surreal,science fiction,军训,military training,technology,tech,diagrams,renderings,colors_20240830_00001_.png"
"Surreal,science fiction,强者思维,Strong thinking,technology,tech,diagrams,renderings,colors_20240830_00001_.png","https://img.ggggoods.com/2024/08/Surreal,science fiction,强者思维,Strong thinking,technology,tech,diagrams,renderings,colors_20240830_00001_.png"
"Surreal,science fiction,足火茶,Foot fire tea,technology,tech,diagrams,renderings,colors_20240830_00001_.png","https://img.ggggoods.com/2024/08/Surreal,science fiction,足火茶,Foot fire tea,technology,tech,diagrams,renderings,colors_20240830_00001_.png"
"Surreal,science fiction,pdf 转 word,pdf to word,technology,tech,diagrams,renderings,colors_20240830_00001_.png","https://img.ggggoods.com/2024/08/Surreal,science fiction,pdf 转 word,pdf to word,technology,tech,diagrams,renderings,colors_20240830_00001_.png"
"Surreal,science fiction,减肥,lose weight,technology,tech,diagrams,renderings,colors_20240830_00001_.png","https://img.ggggoods.com/2024/08/Surreal,science fiction,减肥,lose weight,technology,tech,diagrams,renderings,colors_20240830_00001_.png"
"Surreal,science fiction,新疆旅游,Xinjiang travel,technology,tech,diagrams,renderings,colors_20240830_00001_.png","https://img.ggggoods.com/2024/08/Surreal,science fiction,新疆旅游,Xinjiang travel,technology,tech,diagrams,renderings,colors_20240830_00001_.png"
"Surreal,science fiction,评测,Review,technology,tech,diagrams,renderings,colors_20240830_00001_.png","https://img.ggggoods.com/2024/08/Surreal,science fiction,评测,Review,technology,tech,diagrams,renderings,colors_20240830_00001_.png"
"Surreal,science fiction,etsy,etsy,technology,tech,diagrams,renderings,colors_20240830_00001_.png","https://img.ggggoods.com/2024/08/Surreal,science fiction,etsy,etsy,technology,tech,diagrams,renderings,colors_20240830_00001_.png"
"Surreal,science fiction,返校,Back to school,technology,tech,diagrams,renderings,colors_20240830_00001_.png","https://img.ggggoods.com/2024/08/Surreal,science fiction,返校,Back to school,technology,tech,diagrams,renderings,colors_20240830_00001_.png"
"Surreal,science fiction,茶饮,tea,technology,tech,diagrams,renderings,colors_20240830_00001_.png","https://img.ggggoods.com/2024/08/Surreal,science fiction,茶饮,tea,technology,tech,diagrams,renderings,colors_20240830_00001_.png"
"Surreal,science fiction,招财符,Lucky charm,technology,tech,diagrams,renderings,colors_20240830_00001_.png","https://img.ggggoods.com/2024/08/Surreal,science fiction,招财符,Lucky charm,technology,tech,diagrams,renderings,colors_20240830_00001_.png"
"Surreal,science fiction,考核,assessment,technology,tech,diagrams,renderings,colors_20240830_00001_.png","https://img.ggggoods.com/2024/08/Surreal,science fiction,考核,assessment,technology,tech,diagrams,renderings,colors_20240830_00001_.png"
"Surreal,science fiction,时间管理,time management,technology,tech,diagrams,renderings,colors_20240830_00001_.png","https://img.ggggoods.com/2024/08/Surreal,science fiction,时间管理,time management,technology,tech,diagrams,renderings,colors_20240830_00001_.png"
"Surreal,science fiction,养生,health care,technology,tech,diagrams,renderings,colors_20240830_00001_.png","https://img.ggggoods.com/2024/08/Surreal,science fiction,养生,health care,technology,tech,diagrams,renderings,colors_20240830_00001_.png"
"Surreal,science fiction,餐饮,FOOD,technology,tech,diagrams,renderings,colors_20240830_00001_.png","https://img.ggggoods.com/2024/08/Surreal,science fiction,餐饮,FOOD,technology,tech,diagrams,renderings,colors_20240830_00001_.png"
"Surreal,science fiction,解压,Unzip,technology,tech,diagrams,renderings,colors_20240830_00001_.png","https://img.ggggoods.com/2024/08/Surreal,science fiction,解压,Unzip,technology,tech,diagrams,renderings,colors_20240830_00001_.png"
"Surreal,science fiction,笔记,notes,technology,tech,diagrams,renderings,colors_20240830_00001_.png","https://img.ggggoods.com/2024/08/Surreal,science fiction,笔记,notes,technology,tech,diagrams,renderings,colors_20240830_00001_.png"
"Surreal,science fiction,小说推文,novel tweets,technology,tech,diagrams,renderings,colors_20240830_00001_.png","https://img.ggggoods.com/2024/08/Surreal,science fiction,小说推文,novel tweets,technology,tech,diagrams,renderings,colors_20240830_00001_.png"
"Surreal,science fiction,阅读,read,technology,tech,diagrams,renderings,colors_20240830_00001_.png","https://img.ggggoods.com/2024/08/Surreal,science fiction,阅读,read,technology,tech,diagrams,renderings,colors_20240830_00001_.png"
"Surreal,science fiction,软件,software,technology,tech,diagrams,renderings,colors_20240830_00001_.png","https://img.ggggoods.com/2024/08/Surreal,science fiction,软件,software,technology,tech,diagrams,renderings,colors_20240830_00001_.png"
"Surreal,science fiction,懒人,lazy person,technology,tech,diagrams,renderings,colors_20240830_00001_.png","https://img.ggggoods.com/2024/08/Surreal,science fiction,懒人,lazy person,technology,tech,diagrams,renderings,colors_20240830_00001_.png"
"Surreal,science fiction,易学,Easy to learn,technology,tech,diagrams,renderings,colors_20240830_00001_.png","https://img.ggggoods.com/2024/08/Surreal,science fiction,易学,Easy to learn,technology,tech,diagrams,renderings,colors_20240830_00001_.png"
"Surreal,science fiction,手链,Bracelet,technology,tech,diagrams,renderings,colors_20240830_00001_.png","https://img.ggggoods.com/2024/08/Surreal,science fiction,手链,Bracelet,technology,tech,diagrams,renderings,colors_20240830_00001_.png"
"Surreal,science fiction,绘本,picture book,technology,tech,diagrams,renderings,colors_20240830_00001_.png","https://img.ggggoods.com/2024/08/Surreal,science fiction,绘本,picture book,technology,tech,diagrams,renderings,colors_20240830_00001_.png"
"Surreal,science fiction,花茶,scented tea,technology,tech,diagrams,renderings,colors_20240830_00001_.png","https://img.ggggoods.com/2024/08/Surreal,science fiction,花茶,scented tea,technology,tech,diagrams,renderings,colors_20240830_00001_.png"
"Surreal,science fiction,洗发水,Shampoo,technology,tech,diagrams,renderings,colors_20240830_00001_.png","https://img.ggggoods.com/2024/08/Surreal,science fiction,洗发水,Shampoo,technology,tech,diagrams,renderings,colors_20240830_00001_.png"
"Surreal,science fiction,初中生,junior high school students,technology,tech,diagrams,renderings,colors_20240830_00001_.png","https://img.ggggoods.com/2024/08/Surreal,science fiction,初中生,junior high school students,technology,tech,diagrams,renderings,colors_20240830_00001_.png"
"Surreal,science fiction,宁夏光大国旅,Ningxia Everbright International Travel Service,technology,tech,diagrams,renderings,colors_20240830_00001_.png","https://img.ggggoods.com/2024/08/Surreal,science fiction,宁夏光大国旅,Ningxia Everbright International Travel Service,technology,tech,diagrams,renderings,colors_20240830_00001_.png"
"Surreal,science fiction,老年,elderly,technology,tech,diagrams,renderings,colors_20240830_00001_.png","https://img.ggggoods.com/2024/08/Surreal,science fiction,老年,elderly,technology,tech,diagrams,renderings,colors_20240830_00001_.png"
"Surreal,science fiction,工作服,work clothes,technology,tech,diagrams,renderings,colors_20240830_00001_.png","https://img.ggggoods.com/2024/08/Surreal,science fiction,工作服,work clothes,technology,tech,diagrams,renderings,colors_20240830_00001_.png"
"Surreal,science fiction,策划,plan,technology,tech,diagrams,renderings,colors_20240830_00001_.png","https://img.ggggoods.com/2024/08/Surreal,science fiction,策划,plan,technology,tech,diagrams,renderings,colors_20240830_00001_.png"
"Surreal,science fiction,银川旅游,Yinchuan Tourism,technology,tech,diagrams,renderings,colors_20240830_00001_.png","https://img.ggggoods.com/2024/08/Surreal,science fiction,银川旅游,Yinchuan Tourism,technology,tech,diagrams,renderings,colors_20240830_00001_.png"
"Surreal,science fiction,黑神话,black myth,technology,tech,diagrams,renderings,colors_20240830_00001_.png","https://img.ggggoods.com/2024/08/Surreal,science fiction,黑神话,black myth,technology,tech,diagrams,renderings,colors_20240830_00001_.png"
"Surreal,science fiction,熊猫,panda,technology,tech,diagrams,renderings,colors_20240830_00001_.png","https://img.ggggoods.com/2024/08/Surreal,science fiction,熊猫,panda,technology,tech,diagrams,renderings,colors_20240830_00001_.png"
"Surreal,science fiction,浪花朵朵,Wave flowers,technology,tech,diagrams,renderings,colors_20240830_00001_.png","https://img.ggggoods.com/2024/08/Surreal,science fiction,浪花朵朵,Wave flowers,technology,tech,diagrams,renderings,colors_20240830_00001_.png"
"Surreal,science fiction,保险,Insurance,technology,tech,diagrams,renderings,colors_20240830_00001_.png","https://img.ggggoods.com/2024/08/Surreal,science fiction,保险,Insurance,technology,tech,diagrams,renderings,colors_20240830_00001_.png"
"Surreal,science fiction,广告,advertise,technology,tech,diagrams,renderings,colors_20240830_00001_.png","https://img.ggggoods.com/2024/08/Surreal,science fiction,广告,advertise,technology,tech,diagrams,renderings,colors_20240830_00001_.png"
"Surreal,science fiction,小物钓,Small thing fishing,technology,tech,diagrams,renderings,colors_20240830_00001_.png","https://img.ggggoods.com/2024/08/Surreal,science fiction,小物钓,Small thing fishing,technology,tech,diagrams,renderings,colors_20240830_00001_.png"
"Surreal,science fiction,训练营,training camp,technology,tech,diagrams,renderings,colors_20240830_00001_.png","https://img.ggggoods.com/2024/08/Surreal,science fiction,训练营,training camp,technology,tech,diagrams,renderings,colors_20240830_00001_.png"
"Surreal,science fiction,花盆,flowerpot,technology,tech,diagrams,renderings,colors_20240830_00001_.png","https://img.ggggoods.com/2024/08/Surreal,science fiction,花盆,flowerpot,technology,tech,diagrams,renderings,colors_20240830_00001_.png"
"Surreal,science fiction,微胖,Slightly fat,technology,tech,diagrams,renderings,colors_20240830_00001_.png","https://img.ggggoods.com/2024/08/Surreal,science fiction,微胖,Slightly fat,technology,tech,diagrams,renderings,colors_20240830_00001_.png"
"Surreal,science fiction,社群,community,technology,tech,diagrams,renderings,colors_20240830_00001_.png","https://img.ggggoods.com/2024/08/Surreal,science fiction,社群,community,technology,tech,diagrams,renderings,colors_20240830_00001_.png"
"Surreal,science fiction,同款,Same style,technology,tech,diagrams,renderings,colors_20240830_00001_.png","https://img.ggggoods.com/2024/08/Surreal,science fiction,同款,Same style,technology,tech,diagrams,renderings,colors_20240830_00001_.png"
"Surreal,science fiction,塔罗牌,tarot cards,technology,tech,diagrams,renderings,colors_20240830_00001_.png","https://img.ggggoods.com/2024/08/Surreal,science fiction,塔罗牌,tarot cards,technology,tech,diagrams,renderings,colors_20240830_00001_.png"
"Surreal,science fiction,启蒙教育,enlightenment education,technology,tech,diagrams,renderings,colors_20240830_00001_.png","https://img.ggggoods.com/2024/08/Surreal,science fiction,启蒙教育,enlightenment education,technology,tech,diagrams,renderings,colors_20240830_00001_.png"
"Surreal,science fiction,课程,course,technology,tech,diagrams,renderings,colors_20240830_00001_.png","https://img.ggggoods.com/2024/08/Surreal,science fiction,课程,course,technology,tech,diagrams,renderings,colors_20240830_00001_.png"
"Surreal,science fiction,视频号下载,Video account download,technology,tech,diagrams,renderings,colors_20240830_00001_.png","https://img.ggggoods.com/2024/08/Surreal,science fiction,视频号下载,Video account download,technology,tech,diagrams,renderings,colors_20240830_00001_.png"
"Surreal,science fiction,五湖穿越,Five Lakes Crossing,technology,tech,diagrams,renderings,colors_20240830_00001_.png","https://img.ggggoods.com/2024/08/Surreal,science fiction,五湖穿越,Five Lakes Crossing,technology,tech,diagrams,renderings,colors_20240830_00001_.png"
"Surreal,science fiction,表情包,Emoticons,technology,tech,diagrams,renderings,colors_20240830_00001_.png","https://img.ggggoods.com/2024/08/Surreal,science fiction,表情包,Emoticons,technology,tech,diagrams,renderings,colors_20240830_00001_.png"
"Surreal,science fiction,操盘,Trading,technology,tech,diagrams,renderings,colors_20240830_00001_.png","https://img.ggggoods.com/2024/08/Surreal,science fiction,操盘,Trading,technology,tech,diagrams,renderings,colors_20240830_00001_.png"
"Surreal,science fiction,claude,claude,technology,tech,diagrams,renderings,colors_20240830_00001_.png","https://img.ggggoods.com/2024/08/Surreal,science fiction,claude,claude,technology,tech,diagrams,renderings,colors_20240830_00001_.png"
"Surreal,science fiction,大学生,college students,technology,tech,diagrams,renderings,colors_20240830_00001_.png","https://img.ggggoods.com/2024/08/Surreal,science fiction,大学生,college students,technology,tech,diagrams,renderings,colors_20240830_00001_.png"
"Surreal,science fiction,婴儿帽,baby hat,technology,tech,diagrams,renderings,colors_20240830_00001_.png","https://img.ggggoods.com/2024/08/Surreal,science fiction,婴儿帽,baby hat,technology,tech,diagrams,renderings,colors_20240830_00001_.png"
"Surreal,science fiction,flux,flux,technology,tech,diagrams,renderings,colors_20240830_00001_.png","https://img.ggggoods.com/2024/08/Surreal,science fiction,flux,flux,technology,tech,diagrams,renderings,colors_20240830_00001_.png"
"Surreal,science fiction,星座,constellation,technology,tech,diagrams,renderings,colors_20240830_00001_.png","https://img.ggggoods.com/2024/08/Surreal,science fiction,星座,constellation,technology,tech,diagrams,renderings,colors_20240830_00001_.png"
"Surreal,science fiction,泰牌,Thai brand,technology,tech,diagrams,renderings,colors_20240830_00001_.png","https://img.ggggoods.com/2024/08/Surreal,science fiction,泰牌,Thai brand,technology,tech,diagrams,renderings,colors_20240830_00001_.png"
"Surreal,science fiction,设计师,designer,technology,tech,diagrams,renderings,colors_20240830_00001_.png","https://img.ggggoods.com/2024/08/Surreal,science fiction,设计师,designer,technology,tech,diagrams,renderings,colors_20240830_00001_.png"
"Surreal,science fiction,海花岛,Haihua Island,technology,tech,diagrams,renderings,colors_20240830_00001_.png","https://img.ggggoods.com/2024/08/Surreal,science fiction,海花岛,Haihua Island,technology,tech,diagrams,renderings,colors_20240830_00001_.png"
"Surreal,science fiction,专属,Exclusive,technology,tech,diagrams,renderings,colors_20240830_00001_.png","https://img.ggggoods.com/2024/08/Surreal,science fiction,专属,Exclusive,technology,tech,diagrams,renderings,colors_20240830_00001_.png"
"Surreal,science fiction,手混线,Hand mixed line,technology,tech,diagrams,renderings,colors_20240830_00001_.png","https://img.ggggoods.com/2024/08/Surreal,science fiction,手混线,Hand mixed line,technology,tech,diagrams,renderings,colors_20240830_00001_.png"
"Surreal,science fiction,四维,four dimensional,technology,tech,diagrams,renderings,colors_20240830_00001_.png","https://img.ggggoods.com/2024/08/Surreal,science fiction,四维,four dimensional,technology,tech,diagrams,renderings,colors_20240830_00001_.png"
"Surreal,science fiction,板绘,board painting,technology,tech,diagrams,renderings,colors_20240830_00001_.png","https://img.ggggoods.com/2024/08/Surreal,science fiction,板绘,board painting,technology,tech,diagrams,renderings,colors_20240830_00001_.png"
"Surreal,science fiction,动漫,cartoon,technology,tech,diagrams,renderings,colors_20240830_00001_.png","https://img.ggggoods.com/2024/08/Surreal,science fiction,动漫,cartoon,technology,tech,diagrams,renderings,colors_20240830_00001_.png"
"Surreal,science fiction,抖音,Tik Tok,technology,tech,diagrams,renderings,colors_20240830_00001_.png","https://img.ggggoods.com/2024/08/Surreal,science fiction,抖音,Tik Tok,technology,tech,diagrams,renderings,colors_20240830_00001_.png"
"Surreal,science fiction,AI,AI,technology,tech,diagrams,renderings,colors_20240830_00001_.png","https://img.ggggoods.com/2024/08/Surreal,science fiction,AI,AI,technology,tech,diagrams,renderings,colors_20240830_00001_.png"
"Surreal,science fiction,精油,essential oils,technology,tech,diagrams,renderings,colors_20240830_00001_.png","https://img.ggggoods.com/2024/08/Surreal,science fiction,精油,essential oils,technology,tech,diagrams,renderings,colors_20240830_00001_.png"
"Surreal,science fiction,快餐,fast food,technology,tech,diagrams,renderings,colors_20240830_00001_.png","https://img.ggggoods.com/2024/08/Surreal,science fiction,快餐,fast food,technology,tech,diagrams,renderings,colors_20240830_00001_.png"
"Surreal,science fiction,付费,Pay,technology,tech,diagrams,renderings,colors_20240830_00001_.png","https://img.ggggoods.com/2024/08/Surreal,science fiction,付费,Pay,technology,tech,diagrams,renderings,colors_20240830_00001_.png"
"Surreal,science fiction,转行,Change career,technology,tech,diagrams,renderings,colors_20240830_00001_.png","https://img.ggggoods.com/2024/08/Surreal,science fiction,转行,Change career,technology,tech,diagrams,renderings,colors_20240830_00001_.png"
"Surreal,science fiction,键盘,keyboard,technology,tech,diagrams,renderings,colors_20240830_00001_.png","https://img.ggggoods.com/2024/08/Surreal,science fiction,键盘,keyboard,technology,tech,diagrams,renderings,colors_20240830_00001_.png"
"Surreal,science fiction,游戏工具,gaming tools,technology,tech,diagrams,renderings,colors_20240830_00001_.png","https://img.ggggoods.com/2024/08/Surreal,science fiction,游戏工具,gaming tools,technology,tech,diagrams,renderings,colors_20240830_00001_.png"
"Surreal,science fiction,鹰嘴桃,Chickpea,technology,tech,diagrams,renderings,colors_20240830_00001_.png","https://img.ggggoods.com/2024/08/Surreal,science fiction,鹰嘴桃,Chickpea,technology,tech,diagrams,renderings,colors_20240830_00001_.png"
"Surreal,science fiction,运动,sports,technology,tech,diagrams,renderings,colors_20240830_00001_.png","https://img.ggggoods.com/2024/08/Surreal,science fiction,运动,sports,technology,tech,diagrams,renderings,colors_20240830_00001_.png"
"Surreal,science fiction,朋友圈文案,Moments copywriting,technology,tech,diagrams,renderings,colors_20240830_00001_.png","https://img.ggggoods.com/2024/08/Surreal,science fiction,朋友圈文案,Moments copywriting,technology,tech,diagrams,renderings,colors_20240830_00001_.png"
"Surreal,science fiction,健康,healthy,technology,tech,diagrams,renderings,colors_20240830_00001_.png","https://img.ggggoods.com/2024/08/Surreal,science fiction,健康,healthy,technology,tech,diagrams,renderings,colors_20240830_00001_.png"
"Surreal,science fiction,订阅,subscription,technology,tech,diagrams,renderings,colors_20240830_00001_.png","https://img.ggggoods.com/2024/08/Surreal,science fiction,订阅,subscription,technology,tech,diagrams,renderings,colors_20240830_00001_.png"
"Surreal,science fiction,历史,history,technology,tech,diagrams,renderings,colors_20240830_00001_.png","https://img.ggggoods.com/2024/08/Surreal,science fiction,历史,history,technology,tech,diagrams,renderings,colors_20240830_00001_.png"
"Surreal,science fiction,烟酰胺,Nicotinamide,technology,tech,diagrams,renderings,colors_20240830_00001_.png","https://img.ggggoods.com/2024/08/Surreal,science fiction,烟酰胺,Nicotinamide,technology,tech,diagrams,renderings,colors_20240830_00001_.png"
"Surreal,science fiction,备婚,Preparing for marriage,technology,tech,diagrams,renderings,colors_20240830_00001_.png","https://img.ggggoods.com/2024/08/Surreal,science fiction,备婚,Preparing for marriage,technology,tech,diagrams,renderings,colors_20240830_00001_.png"
"Surreal,science fiction,手帐,Handbook,technology,tech,diagrams,renderings,colors_20240830_00001_.png","https://img.ggggoods.com/2024/08/Surreal,science fiction,手帐,Handbook,technology,tech,diagrams,renderings,colors_20240830_00001_.png"
"Surreal,science fiction,中医,Traditional Chinese Medicine,technology,tech,diagrams,renderings,colors_20240830_00001_.png","https://img.ggggoods.com/2024/08/Surreal,science fiction,中医,Traditional Chinese Medicine,technology,tech,diagrams,renderings,colors_20240830_00001_.png"
"Surreal,science fiction,情趣用品,sex toys,technology,tech,diagrams,renderings,colors_20240830_00001_.png","https://img.ggggoods.com/2024/08/Surreal,science fiction,情趣用品,sex toys,technology,tech,diagrams,renderings,colors_20240830_00001_.png"
"Surreal,science fiction,亚克力,Acrylic,technology,tech,diagrams,renderings,colors_20240830_00001_.png","https://img.ggggoods.com/2024/08/Surreal,science fiction,亚克力,Acrylic,technology,tech,diagrams,renderings,colors_20240830_00001_.png"
"Surreal,science fiction,maje,maje,technology,tech,diagrams,renderings,colors_20240830_00001_.png","https://img.ggggoods.com/2024/08/Surreal,science fiction,maje,maje,technology,tech,diagrams,renderings,colors_20240830_00001_.png"
"Surreal,science fiction,亚马逊,Amazon,technology,tech,diagrams,renderings,colors_20240830_00001_.png","https://img.ggggoods.com/2024/08/Surreal,science fiction,亚马逊,Amazon,technology,tech,diagrams,renderings,colors_20240830_00001_.png"
"Surreal,science fiction,OKR,OKR,technology,tech,diagrams,renderings,colors_20240830_00001_.png","https://img.ggggoods.com/2024/08/Surreal,science fiction,OKR,OKR,technology,tech,diagrams,renderings,colors_20240830_00001_.png"
"Surreal,science fiction,咨询,consult,technology,tech,diagrams,renderings,colors_20240830_00001_.png","https://img.ggggoods.com/2024/08/Surreal,science fiction,咨询,consult,technology,tech,diagrams,renderings,colors_20240830_00001_.png"
"Surreal,science fiction,代理,acting,technology,tech,diagrams,renderings,colors_20240830_00001_.png","https://img.ggggoods.com/2024/08/Surreal,science fiction,代理,acting,technology,tech,diagrams,renderings,colors_20240830_00001_.png"
"Surreal,science fiction,DJ音乐,DJ music,technology,tech,diagrams,renderings,colors_20240830_00001_.png","https://img.ggggoods.com/2024/08/Surreal,science fiction,DJ音乐,DJ music,technology,tech,diagrams,renderings,colors_20240830_00001_.png"
"Surreal,science fiction,手工贝壳,handmade shells,technology,tech,diagrams,renderings,colors_20240830_00001_.png","https://img.ggggoods.com/2024/08/Surreal,science fiction,手工贝壳,handmade shells,technology,tech,diagrams,renderings,colors_20240830_00001_.png"
"Surreal,science fiction,单词,word,technology,tech,diagrams,renderings,colors_20240830_00001_.png","https://img.ggggoods.com/2024/08/Surreal,science fiction,单词,word,technology,tech,diagrams,renderings,colors_20240830_00001_.png"
"Surreal,science fiction,PPT,PPT,technology,tech,diagrams,renderings,colors_20240830_00001_.png","https://img.ggggoods.com/2024/08/Surreal,science fiction,PPT,PPT,technology,tech,diagrams,renderings,colors_20240830_00001_.png"
"Surreal,science fiction,AI绘画,AI painting,technology,tech,diagrams,renderings,colors_20240830_00001_.png","https://img.ggggoods.com/2024/08/Surreal,science fiction,AI绘画,AI painting,technology,tech,diagrams,renderings,colors_20240830_00001_.png"
"Surreal,science fiction,壁纸,wallpaper,technology,tech,diagrams,renderings,colors_20240830_00001_.png","https://img.ggggoods.com/2024/08/Surreal,science fiction,壁纸,wallpaper,technology,tech,diagrams,renderings,colors_20240830_00001_.png"
"Surreal,science fiction,出海,Go to sea,technology,tech,diagrams,renderings,colors_20240830_00001_.png","https://img.ggggoods.com/2024/08/Surreal,science fiction,出海,Go to sea,technology,tech,diagrams,renderings,colors_20240830_00001_.png"
"Surreal,science fiction,捏捏,pinch,technology,tech,diagrams,renderings,colors_20240830_00001_.png","https://img.ggggoods.com/2024/08/Surreal,science fiction,捏捏,pinch,technology,tech,diagrams,renderings,colors_20240830_00001_.png"
"Surreal,science fiction,银基国际旅游度假区,Yinji International Tourism Resort,technology,tech,diagrams,renderings,colors_20240830_00001_.png","https://img.ggggoods.com/2024/08/Surreal,science fiction,银基国际旅游度假区,Yinji International Tourism Resort,technology,tech,diagrams,renderings,colors_20240830_00001_.png"
"Surreal,science fiction,加盟,Join,technology,tech,diagrams,renderings,colors_20240830_00001_.png","https://img.ggggoods.com/2024/08/Surreal,science fiction,加盟,Join,technology,tech,diagrams,renderings,colors_20240830_00001_.png"
"Surreal,science fiction,小学资料,Primary school information,technology,tech,diagrams,renderings,colors_20240830_00001_.png","https://img.ggggoods.com/2024/08/Surreal,science fiction,小学资料,Primary school information,technology,tech,diagrams,renderings,colors_20240830_00001_.png"
"Surreal,science fiction,财务模型,financial model,technology,tech,diagrams,renderings,colors_20240830_00001_.png","https://img.ggggoods.com/2024/08/Surreal,science fiction,财务模型,financial model,technology,tech,diagrams,renderings,colors_20240830_00001_.png"
"Surreal,science fiction,玉石,jade,technology,tech,diagrams,renderings,colors_20240830_00001_.png","https://img.ggggoods.com/2024/08/Surreal,science fiction,玉石,jade,technology,tech,diagrams,renderings,colors_20240830_00001_.png"
"Surreal,science fiction,java,java,technology,tech,diagrams,renderings,colors_20240830_00001_.png","https://img.ggggoods.com/2024/08/Surreal,science fiction,java,java,technology,tech,diagrams,renderings,colors_20240830_00001_.png"
"Surreal,science fiction,亲子,parent-child,technology,tech,diagrams,renderings,colors_20240830_00001_.png","https://img.ggggoods.com/2024/08/Surreal,science fiction,亲子,parent-child,technology,tech,diagrams,renderings,colors_20240830_00001_.png"
"Surreal,science fiction,小红书,little red book,technology,tech,diagrams,renderings,colors_20240830_00001_.png","https://img.ggggoods.com/2024/08/Surreal,science fiction,小红书,little red book,technology,tech,diagrams,renderings,colors_20240830_00001_.png"
"Surreal,science fiction,律师事务所,law firm,technology,tech,diagrams,renderings,colors_20240830_00001_.png","https://img.ggggoods.com/2024/08/Surreal,science fiction,律师事务所,law firm,technology,tech,diagrams,renderings,colors_20240830_00001_.png"
"Surreal,science fiction,高级,advanced,technology,tech,diagrams,renderings,colors_20240830_00001_.png","https://img.ggggoods.com/2024/08/Surreal,science fiction,高级,advanced,technology,tech,diagrams,renderings,colors_20240830_00001_.png"
"Surreal,science fiction,手册,manual,technology,tech,diagrams,renderings,colors_20240830_00001_.png","https://img.ggggoods.com/2024/08/Surreal,science fiction,手册,manual,technology,tech,diagrams,renderings,colors_20240830_00001_.png"
"Surreal,science fiction,shopify,shopify,technology,tech,diagrams,renderings,colors_20240830_00001_.png","https://img.ggggoods.com/2024/08/Surreal,science fiction,shopify,shopify,technology,tech,diagrams,renderings,colors_20240830_00001_.png"
"Surreal,science fiction,团购,Group buying,technology,tech,diagrams,renderings,colors_20240830_00001_.png","https://img.ggggoods.com/2024/08/Surreal,science fiction,团购,Group buying,technology,tech,diagrams,renderings,colors_20240830_00001_.png"
"Surreal,science fiction,独立开发者,independent developer,technology,tech,diagrams,renderings,colors_20240830_00001_.png","https://img.ggggoods.com/2024/08/Surreal,science fiction,独立开发者,independent developer,technology,tech,diagrams,renderings,colors_20240830_00001_.png"
"Surreal,science fiction,藕粉,lotus root starch,technology,tech,diagrams,renderings,colors_20240830_00001_.png","https://img.ggggoods.com/2024/08/Surreal,science fiction,藕粉,lotus root starch,technology,tech,diagrams,renderings,colors_20240830_00001_.png"
"Surreal,science fiction,牛油果酱,Guacamole,technology,tech,diagrams,renderings,colors_20240830_00001_.png","https://img.ggggoods.com/2024/08/Surreal,science fiction,牛油果酱,Guacamole,technology,tech,diagrams,renderings,colors_20240830_00001_.png"
"Surreal,science fiction,连衣裙,dress,technology,tech,diagrams,renderings,colors_20240830_00001_.png","https://img.ggggoods.com/2024/08/Surreal,science fiction,连衣裙,dress,technology,tech,diagrams,renderings,colors_20240830_00001_.png"
"Surreal,science fiction,山姆零食,Sam's Snacks,technology,tech,diagrams,renderings,colors_20240830_00001_.png","https://img.ggggoods.com/2024/08/Surreal,science fiction,山姆零食,Sam's Snacks,technology,tech,diagrams,renderings,colors_20240830_00001_.png"
"Surreal,science fiction,合集,Collection,technology,tech,diagrams,renderings,colors_20240830_00001_.png","https://img.ggggoods.com/2024/08/Surreal,science fiction,合集,Collection,technology,tech,diagrams,renderings,colors_20240830_00001_.png"
"Surreal,science fiction,AI赚钱,AI makes money,technology,tech,diagrams,renderings,colors_20240830_00001_.png","https://img.ggggoods.com/2024/08/Surreal,science fiction,AI赚钱,AI makes money,technology,tech,diagrams,renderings,colors_20240830_00001_.png"
"Surreal,science fiction,鹰嘴豆,chickpeas,technology,tech,diagrams,renderings,colors_20240830_00001_.png","https://img.ggggoods.com/2024/08/Surreal,science fiction,鹰嘴豆,chickpeas,technology,tech,diagrams,renderings,colors_20240830_00001_.png"
"Surreal,science fiction,收纳,Storage,technology,tech,diagrams,renderings,colors_20240830_00001_.png","https://img.ggggoods.com/2024/08/Surreal,science fiction,收纳,Storage,technology,tech,diagrams,renderings,colors_20240830_00001_.png"
"Surreal,science fiction,穿搭,Outfit,technology,tech,diagrams,renderings,colors_20240830_00001_.png","https://img.ggggoods.com/2024/08/Surreal,science fiction,穿搭,Outfit,technology,tech,diagrams,renderings,colors_20240830_00001_.png"
"Surreal,science fiction,验厂,Factory inspection,technology,tech,diagrams,renderings,colors_20240830_00001_.png","https://img.ggggoods.com/2024/08/Surreal,science fiction,验厂,Factory inspection,technology,tech,diagrams,renderings,colors_20240830_00001_.png"
"Surreal,science fiction,管理,manage,technology,tech,diagrams,renderings,colors_20240830_00001_.png","https://img.ggggoods.com/2024/08/Surreal,science fiction,管理,manage,technology,tech,diagrams,renderings,colors_20240830_00001_.png"
"Surreal,science fiction,手工耳饰,handmade earrings,technology,tech,diagrams,renderings,colors_20240830_00001_.png","https://img.ggggoods.com/2024/08/Surreal,science fiction,手工耳饰,handmade earrings,technology,tech,diagrams,renderings,colors_20240830_00001_.png"
"Surreal,science fiction,年度,year,technology,tech,diagrams,renderings,colors_20240830_00001_.png","https://img.ggggoods.com/2024/08/Surreal,science fiction,年度,year,technology,tech,diagrams,renderings,colors_20240830_00001_.png"
"Surreal,science fiction,订购,order,technology,tech,diagrams,renderings,colors_20240830_00001_.png","https://img.ggggoods.com/2024/08/Surreal,science fiction,订购,order,technology,tech,diagrams,renderings,colors_20240830_00001_.png"
"Surreal,science fiction,开学,School starts,technology,tech,diagrams,renderings,colors_20240830_00001_.png","https://img.ggggoods.com/2024/08/Surreal,science fiction,开学,School starts,technology,tech,diagrams,renderings,colors_20240830_00001_.png"
"Surreal,science fiction,开学礼盒,Back to school gift box,technology,tech,diagrams,renderings,colors_20240830_00001_.png","https://img.ggggoods.com/2024/08/Surreal,science fiction,开学礼盒,Back to school gift box,technology,tech,diagrams,renderings,colors_20240830_00001_.png"
"Surreal,science fiction,书单,book list,technology,tech,diagrams,renderings,colors_20240830_00001_.png","https://img.ggggoods.com/2024/08/Surreal,science fiction,书单,book list,technology,tech,diagrams,renderings,colors_20240830_00001_.png"
"Surreal,science fiction,饰品,accessories,technology,tech,diagrams,renderings,colors_20240830_00001_.png","https://img.ggggoods.com/2024/08/Surreal,science fiction,饰品,accessories,technology,tech,diagrams,renderings,colors_20240830_00001_.png"
"Surreal,science fiction,开店,Open a store,technology,tech,diagrams,renderings,colors_20240830_00001_.png","https://img.ggggoods.com/2024/08/Surreal,science fiction,开店,Open a store,technology,tech,diagrams,renderings,colors_20240830_00001_.png"
"Surreal,science fiction,复盘,Review,technology,tech,diagrams,renderings,colors_20240830_00001_.png","https://img.ggggoods.com/2024/08/Surreal,science fiction,复盘,Review,technology,tech,diagrams,renderings,colors_20240830_00001_.png"
"Surreal,science fiction,规划,planning,technology,tech,diagrams,renderings,colors_20240830_00001_.png","https://img.ggggoods.com/2024/08/Surreal,science fiction,规划,planning,technology,tech,diagrams,renderings,colors_20240830_00001_.png"
"Surreal,science fiction,快捷指令,Shortcuts,technology,tech,diagrams,renderings,colors_20240830_00001_.png","https://img.ggggoods.com/2024/08/Surreal,science fiction,快捷指令,Shortcuts,technology,tech,diagrams,renderings,colors_20240830_00001_.png"
"Surreal,science fiction,西班牙语,spanish,technology,tech,diagrams,renderings,colors_20240830_00001_.png","https://img.ggggoods.com/2024/08/Surreal,science fiction,西班牙语,spanish,technology,tech,diagrams,renderings,colors_20240830_00001_.png"
"Surreal,science fiction,人生设计,life design,technology,tech,diagrams,renderings,colors_20240830_00001_.png","https://img.ggggoods.com/2024/08/Surreal,science fiction,人生设计,life design,technology,tech,diagrams,renderings,colors_20240830_00001_.png"
"Surreal,science fiction,行李箱,suitcase,technology,tech,diagrams,renderings,colors_20240830_00001_.png","https://img.ggggoods.com/2024/08/Surreal,science fiction,行李箱,suitcase,technology,tech,diagrams,renderings,colors_20240830_00001_.png"
"Surreal,science fiction,起名,naming,technology,tech,diagrams,renderings,colors_20240830_00001_.png","https://img.ggggoods.com/2024/08/Surreal,science fiction,起名,naming,technology,tech,diagrams,renderings,colors_20240830_00001_.png"
"Surreal,science fiction,资料,material,technology,tech,diagrams,renderings,colors_20240830_00001_.png","https://img.ggggoods.com/2024/08/Surreal,science fiction,资料,material,technology,tech,diagrams,renderings,colors_20240830_00001_.png"
"Surreal,science fiction,招财,Lucky,technology,tech,diagrams,renderings,colors_20240830_00001_.png","https://img.ggggoods.com/2024/08/Surreal,science fiction,招财,Lucky,technology,tech,diagrams,renderings,colors_20240830_00001_.png"
